season,player_key,player_name,player_name_en,kbo_team,role_group,role_model_family,source_confidence_1_5,outcome_available,label_available,success,strong_success,failure,first_kbo_pa,first_kbo_ip,first_kbo_war,first_kbo_wrc_plus,first_kbo_era,renewed_next_year,in_season_replaced,injury_exit_flag,performance_exit_flag,matched_to_savant,has_pre_kbo_savant_features,match_method,match_score,matched_savant_name,matched_savant_player_id,prior_savant_years,prior_savant_rows,prior_savant_latest_year,pre_pa,pre_pitch,pre_games,pre_start_proxy_games,pre_games_80plus_pitches,pre_games_90plus_pitches,pre_games_100plus_pitches,pre_bb_hbp_pct,pre_k_pct,pre_hr_pct,pre_woba_allowed,pre_xwoba_allowed_bbe,pre_xslg_allowed_bbe,pre_whiff_per_swing,pre_chase_rate,pre_zone_rate,pre_first_pitch_nonball_rate,pre_three_ball_pitch_rate,pre_hardhit_rate,pre_barrel_rate,pre_start_proxy_rate,pre_third_time_game_rate,pre_early_1_3_woba_allowed,pre_runner_on_base_woba_allowed,pre_risp_woba_allowed,pre_third_time_woba_allowed,pre_starter_stabilizer_score,pre_bb_pct,pre_woba,pre_zone_swing_rate,pre_nonfast_chase_rate,pre_nonfast_whiff_per_swing,pre_sweet_spot_rate,pre_air_bbe_rate,pre_same_field_air_rate_proxy,pre_low_velo_xwoba,pre_high_velo_xwoba,pre_break_off_xwoba,pre_hitter_count_xwoba,pre_ssg_message_screen_score,has_pre_kbo_milb,milb_stat_group,pre_kbo_milb_rows,pre_kbo_milb_latest_year,pre_kbo_milb_recent_rows,pre_kbo_milb_highest_level_score,pre_kbo_aaa_rows,pre_kbo_aa_rows,pre_kbo_milb_pa,pre_kbo_milb_hr,pre_kbo_milb_ops,pre_kbo_milb_obp,pre_kbo_milb_slg,pre_kbo_milb_k_pct,pre_kbo_milb_bb_pct,pre_kbo_milb_ip,pre_kbo_milb_games,pre_kbo_milb_games_started,pre_kbo_milb_k9,pre_kbo_milb_bb9,pre_kbo_milb_hr9,pre_kbo_milb_era,pre_kbo_milb_whip,has_model_pre_kbo_features,model_feature_source,pre_kbo_recent_highest_level_score
2023,소크라테스브리토,소크라테스 브리토,Sócrates Orel Brito,KIA,hitter,hitter,4,True,True,1,1,0,608.0,,4.003747940063477,124.95099639892578,,1.0,0,0,0,False,False,,,,,,,,,,,,,,,,,,,,,,,,,,,,,,,,,,,,,,,,,,,,,,,,False,,,,,,,,,,,,,,,,,,,,,,,False,none,
2023,마리오산체스,마리오 산체스,Mario Sanchez,KIA,starter,pitcher,4,True,True,0,0,1,,63.666666666666664,0.1339933136739961,,5.9399999999999995,0.0,0,0,0,False,False,,,,,,,,,,,,,,,,,,,,,,,,,,,,,,,,,,,,,,,,,,,,,,,,False,,,,,,,,,,,,,,,,,,,,,,,False,none,
2023,숀앤더슨,숀 앤더슨,Shaun Anderson,KIA,starter,pitcher,4,True,True,0,0,1,,79.0,1.3281492839414129,,3.76,0.0,1,0,1,True,True,exact_variant,1.0,"Anderson, Shaun",641312.0,2022,1.0,2022.0,7.0,21.0,1.0,0.0,0.0,0.0,0.0,0.0,0.0,0.0,0.5142857142857143,0.3862142857142857,0.5192857142857144,0.1,0.375,0.6190476190476192,0.8571428571428571,0.1428571428571428,0.4285714285714285,0.0,0.0,0.0,,0.45,0.225,,,,,,,,,,,,,,,,True,pitching,12.0,2022.0,5.0,100.0,5.0,0.0,,,,,,0.2342342342342342,0.0936936936936937,134.66666666666666,72.0,15.0,8.68811881188119,3.4752475247524757,1.0024752475247525,3.275544554455446,1.1685148514851484,True,savant_and_milb,100.0
2023,아도니스메디나,아도니스 메디나,Adonis Medina,KIA,starter,pitcher,4,True,True,0,0,1,,58.0,0.058467914097147,,6.05,0.0,1,0,1,True,True,exact_variant,1.0,"Medina, Adonis",658431.0,2022,1.0,2022.0,110.0,414.0,14.0,0.0,0.0,0.0,0.0,0.0909090909090909,0.1545454545454545,0.0181818181818181,0.3722727272727273,0.3878224279835391,0.560962962962963,0.1725888324873096,0.2682926829268293,0.5048309178743962,0.6272727272727273,0.0869565217391304,0.5609756097560976,0.073170731707317,0.0,0.0,,0.4794117647058823,0.4402777777777777,,,,,,,,,,,,,,,,True,pitching,7.0,2022.0,2.0,100.0,2.0,0.0,,,,,,0.1968680089485458,0.0961968680089485,98.66666666666669,35.0,19.0,8.027027027027026,3.922297297297297,1.277027027027027,4.924324324324324,1.5179729729729727,True,savant_and_milb,100.0
2023,토마스파노니,토마스 파노니,Thomas Edward Pannone Jr,KIA,starter,pitcher,4,True,True,0,0,0,,82.33333333333333,1.765471942708966,,4.26,0.0,0,0,0,False,False,,,,,,,,,,,,,,,,,,,,,,,,,,,,,,,,,,,,,,,,,,,,,,,,False,,,,,,,,,,,,,,,,,,,,,,,False,none,
2023,앤서니알포드,앤서니 알포드,Anthony Alford,KT,hitter,hitter,4,True,True,1,0,0,547.0,,3.9759349822998047,123.47000122070312,,0.0,0,0,0,True,True,exact_variant,1.0,anthony alford,546990.0,2022,1.0,2022.0,4.0,15.0,,,,,,,0.5,0.0,,,,0.3333333333333333,0.6,,,,0.0,0.0,,,,,,,,0.0,0.225,0.6,0.6,0.6666666666666666,0.0,0.0,,0.068,,,,,True,hitting,19.0,2022.0,5.0,100.0,4.0,0.0,321.0,23.0,0.9658037383177568,0.3859626168224299,0.5798411214953271,0.3364485981308411,0.1401869158878504,,,,,,,,,True,savant_and_milb,100.0
2023,보슐서,보 슐서,Beau Grayson Sulser,KT,starter,pitcher,4,True,True,0,0,1,,49.666666666666664,0.3451239033690224,,5.62,0.0,1,0,1,True,True,exact_variant,1.0,"Sulser, Beau",676641.0,2022,1.0,2022.0,99.0,367.0,10.0,0.0,0.0,0.0,0.0,0.101010101010101,0.1919191919191919,0.0303030303030302,0.3809278350515464,0.3174761666692782,0.4645714285714286,0.1758241758241758,0.3246073298429318,0.4604904632152589,0.6565656565656566,0.0653950953678474,0.3714285714285714,0.0571428571428571,0.0,0.0,0.43,0.4432692307692308,0.482258064516129,,,,,,,,,,,,,,,,True,pitching,6.0,2022.0,4.0,100.0,4.0,0.0,,,,,,0.2098298676748582,0.0765595463137996,236.0,66.0,36.0,8.466101694915254,3.0889830508474576,1.1822033898305084,4.918983050847458,1.5201977401129942,True,savant_and_milb,100.0
2023,웨스벤자민,웨스 벤자민,Wes Benjamin,KT,starter,pitcher,4,True,True,1,0,0,,160.0,3.1433074588978807,,3.54,1.0,0,0,0,False,False,,,,,,,,,,,,,,,,,,,,,,,,,,,,,,,,,,,,,,,,,,,,,,,,False,,,,,,,,,,,,,,,,,,,,,,,False,none,
2023,윌리엄쿠에바스,윌리엄 쿠에바스,William Enrique Cuevas Osorio,KT,starter,pitcher,4,True,True,1,1,0,,114.33333333333331,4.672736560080278,,2.6,1.0,0,0,0,False,False,,,,,,,,,,,,,,,,,,,,,,,,,,,,,,,,,,,,,,,,,,,,,,,,False,,,,,,,,,,,,,,,,,,,,,,,False,none,
2023,오스틴딘,오스틴 딘,Austin James Dean,LG,hitter,hitter,4,True,True,1,1,0,583.0,,5.129427433013916,153.89199829101562,,1.0,0,0,0,True,True,exact_variant,1.0,austin dean,621573.0,2022,1.0,2022.0,9.0,38.0,,,,,,,0.0,0.0,,,,0.0625,0.2608695652173913,,,,0.25,0.0,,,,,,,,0.1111111111111111,0.4777777777777776,0.6666666666666666,0.3,0.1666666666666666,0.125,0.125,0.0,0.27825,,0.3013333333333333,,,True,hitting,14.0,2022.0,3.0,100.0,2.0,0.0,506.0,19.0,0.8135652173913043,0.3480118577075098,0.4655533596837945,0.2292490118577075,0.0928853754940711,,,,,,,,,True,savant_and_milb,100.0
2023,아담플럿코,아담 플럿코,Adam Gregory Plutko,LG,starter,pitcher,4,True,True,1,0,0,,123.33333333333331,4.443898154050806,,2.41,0.0,0,0,0,False,False,,,,,,,,,,,,,,,,,,,,,,,,,,,,,,,,,,,,,,,,,,,,,,,,False,,,,,,,,,,,,,,,,,,,,,,,False,none,
2023,케이시켈리,케이시 켈리,Casey Patrick Kelly,LG,starter,pitcher,4,True,True,1,0,0,,178.66666666666666,3.3683585531384805,,3.83,0.0,0,0,0,True,False,exact_variant,1.0,"Kelly, Casey",543391.0,,,,,,,,,,,,,,,,,,,,,,,,,,,,,,,,,,,,,,,,,,,,True,pitching,16.0,2018.0,0.0,100.0,7.0,5.0,,,,,,0.1841220584432376,0.0729247478665632,900.0,185.0,166.0,7.12,2.82,0.87,4.170414814814815,1.3760111111111109,True,milb_only,100.0
2023,제이슨마틴,제이슨 마틴,Jason Martin,NC,hitter,hitter,4,True,True,1,0,0,503.0,,3.5465073585510254,125.48999786376952,,0.0,0,0,0,False,False,,,,,,,,,,,,,,,,,,,,,,,,,,,,,,,,,,,,,,,,,,,,,,,,False,,,,,,,,,,,,,,,,,,,,,,,False,none,
2023,에릭페디,에릭 페디,Erick James Fedde,NC,starter,pitcher,4,True,True,1,1,0,,180.33333333333337,7.631768488486962,,2.0,0.0,0,0,0,True,True,exact_variant,1.0,"Fedde, Erick",607200.0,2022,1.0,2022.0,573.0,2420.0,27.0,27.0,22.0,15.0,6.0,0.1012216404886562,0.1640488656195462,0.0366492146596858,0.3658216783216783,0.3951992746685551,0.5621238095238096,0.1709894332372718,0.2205533596837944,0.4772727272727273,0.6132404181184669,0.1024793388429752,0.4346793349168646,0.0807600950118764,1.0,0.8148148148148148,0.366056338028169,0.3755905511811024,0.3550335570469798,0.3838709677419355,47.177157396855065,,,,,,,,,,,,,,True,pitching,11.0,2022.0,2.0,100.0,1.0,0.0,,,,,,0.1891891891891892,0.054054054054054,9.0,2.0,2.0,7.0,2.0,0.0,2.0,1.1111111111111112,True,savant_and_milb,100.0
2023,태너털리,태너 털리,Tanner Paul Tully,NC,starter,pitcher,4,True,True,0,0,1,,64.66666666666667,1.8124392990837603,,2.92,0.0,0,0,0,True,True,exact_variant,1.0,"Tully, Tanner",668684.0,2022,1.0,2022.0,30.0,120.0,3.0,0.0,0.0,0.0,0.0,0.2,0.0666666666666666,0.0333333333333333,0.4568965517241379,0.4110343614718614,0.6384090909090909,0.1929824561403507,0.2542372881355932,0.475,0.5333333333333333,0.1416666666666666,0.4545454545454545,0.1363636363636363,0.0,0.0,,0.4375,0.3611111111111111,,,,,,,,,,,,,,,,True,pitching,10.0,2022.0,3.0,100.0,2.0,1.0,,,,,,0.1908023483365949,0.0567514677103718,235.0,50.0,38.0,7.468085106382978,2.2212765957446807,0.8425531914893617,4.137361702127659,1.3773617021276596,True,savant_and_milb,100.0
2023,기예르모에레디아,기예르모 에레디아,Guillermo Heredia Molina,SSG,hitter,hitter,4,True,True,1,1,0,523.0,,3.948648452758789,135.85499572753906,,1.0,0,0,0,False,False,,,,,,,,,,,,,,,,,,,,,,,,,,,,,,,,,,,,,,,,,,,,,,,,False,,,,,,,,,,,,,,,,,,,,,,,False,none,
2023,로에니스엘리아스,로에니스 엘리아스,Roenis Elías,SSG,starter,pitcher,4,True,True,1,0,0,,131.33333333333334,2.9161509111133435,,3.7,1.0,0,0,0,True,True,exact_variant,1.0,"Elías, Roenis",606273.0,2022,1.0,2022.0,33.0,114.0,7.0,0.0,0.0,0.0,0.0,0.0909090909090909,0.1818181818181818,0.0303030303030303,0.2984848484848484,0.2707018229166666,0.37975,0.1612903225806451,0.3333333333333333,0.5263157894736842,0.696969696969697,0.0789473684210526,0.2916666666666667,0.0416666666666666,0.0,0.0,,0.3125,0.15,,,,,,,,,,,,,,,,True,pitching,16.0,2022.0,1.0,100.0,1.0,0.0,,,,,,0.197841726618705,0.0683453237410072,65.0,37.0,9.0,7.615384615384615,2.6307692307692307,1.1076923076923078,5.12,1.37,True,savant_and_milb,100.0
2023,커크맥카티,커크 맥카티,Kirkland Kirk McCarty,SSG,starter,pitcher,4,True,True,1,0,0,,130.0,2.8665549667166377,,3.39,0.0,0,0,0,False,False,,,,,,,,,,,,,,,,,,,,,,,,,,,,,,,,,,,,,,,,,,,,,,,,False,,,,,,,,,,,,,,,,,,,,,,,False,none,
2023,호세로하스,호세 로하스,Jose Rojas,두산,hitter,hitter,4,True,True,1,0,0,464.0,,2.5899457931518555,133.47900390625,,0.0,0,0,0,True,True,exact_variant,1.0,josé rojas,670351.0,2022,1.0,2022.0,57.0,228.0,,,,,,,0.3333333333333333,0.0,,,,0.2442748091603053,0.4230769230769231,,,,0.3333333333333333,0.0277777777777777,,,,,,,,0.0,0.1375,0.7016129032258065,0.38,0.196078431372549,0.2222222222222222,0.3611111111111111,0.6923076923076923,0.2689195665445665,0.2533333333333333,0.3013391812865497,0.0,,True,hitting,10.0,2022.0,4.0,100.0,4.0,0.0,859.0,48.0,0.87153434225844,0.3410384167636787,0.5304959254947614,0.1932479627473806,0.0989522700814901,,,,,,,,,True,savant_and_milb,100.0
2023,딜런파일,딜런 파일,Dylan Michael File ,두산,starter,pitcher,4,True,True,0,0,1,,9.0,-0.0455230920713838,,8.0,0.0,1,1,0,False,False,,,,,,,,,,,,,,,,,,,,,,,,,,,,,,,,,,,,,,,,,,,,,,,,False,,,,,,,,,,,,,,,,,,,,,,,False,none,
2023,라울알칸타라,라울 알칸타라,Raul Alcántara,두산,starter,pitcher,4,True,True,1,1,0,,192.0,5.360761910681514,,2.67,0.0,0,0,0,False,False,,,,,,,,,,,,,,,,,,,,,,,,,,,,,,,,,,,,,,,,,,,,,,,,False,,,,,,,,,,,,,,,,,,,,,,,False,none,
2023,브랜던워델,브랜던 워델,Brandon David Waddell,두산,starter,pitcher,4,True,True,1,0,0,,104.66666666666669,3.3043802587696893,,2.49,1.0,0,0,0,True,False,exact_variant,1.0,"Waddell, Brandon",663399.0,,,,,,,,,,,,,,,,,,,,,,,,,,,,,,,,,,,,,,,,,,,,True,pitching,12.0,2022.0,4.0,100.0,4.0,0.0,,,,,,0.2415254237288135,0.0720338983050847,56.666666666666664,45.0,0.0,9.052941176470588,2.7,0.4764705882352941,2.7002941176470587,1.3047058823529412,True,milb_only,100.0
2023,니코구드럼,니코 구드럼,Niko Goodrum,롯데,hitter,hitter,4,True,True,0,0,1,201.0,,0.4046840369701385,115.03800201416016,,0.0,0,0,0,True,True,exact_variant,1.0,niko goodrum,592348.0,2022,1.0,2022.0,45.0,204.0,,,,,,,0.5111111111111111,0.0,,,,0.4,0.3271028037383177,,,,0.35,0.05,,,,,,,,0.0444444444444444,0.1666666666666666,0.7731958762886598,0.3382352941176471,0.4693877551020407,0.25,0.5,0.4,0.4040427807486631,0.3331470588235294,0.4040427807486631,,,True,hitting,16.0,2022.0,6.0,100.0,2.0,0.0,175.0,2.0,0.7727657142857144,0.4113199999999999,0.3614457142857142,0.28,0.2171428571428571,,,,,,,,,True,savant_and_milb,100.0
2023,잭렉스,잭 렉스,Zach Reks,롯데,hitter,hitter,4,True,True,0,0,1,234.0,,0.1275708228349685,88.53040313720703,,0.0,1,1,0,True,True,exact_variant,1.0,zach reks,676646.0,2022,1.0,2022.0,34.0,114.0,,,,,,,0.2941176470588235,0.0,,,,0.234375,0.3888888888888889,,,,0.4166666666666667,0.0,,,,,,,,0.0,0.2485294117647058,0.7166666666666667,0.2916666666666667,0.375,0.3333333333333333,0.7083333333333334,0.4117647058823529,0.3774166666666667,0.2903809523809524,0.4753999999999999,0.008,,True,hitting,9.0,2022.0,2.0,100.0,2.0,0.0,519.0,25.0,0.94231021194605,0.3925202312138728,0.5497899807321773,0.2774566473988439,0.117533718689788,,,,,,,,,True,savant_and_milb,100.0
2023,댄스트레일리,댄 스트레일리,Dan Straily,롯데,starter,pitcher,4,True,True,0,0,1,,80.33333333333333,1.383691539182602,,4.37,0.0,1,0,1,False,False,,,,,,,,,,,,,,,,,,,,,,,,,,,,,,,,,,,,,,,,,,,,,,,,False,,,,,,,,,,,,,,,,,,,,,,,False,none,
2023,애런윌커슨,애런 윌커슨,Aaron Wilkerson,롯데,starter,pitcher,4,True,True,1,0,0,,79.66666666666667,2.6006923799920387,,2.26,1.0,0,0,0,False,False,,,,,,,,,,,,,,,,,,,,,,,,,,,,,,,,,,,,,,,,,,,,,,,,False,,,,,,,,,,,,,,,,,,,,,,,False,none,
2023,찰리반즈,찰리 반즈,Charlie Barnes,롯데,starter,pitcher,4,True,True,1,1,0,,170.33333333333334,4.848692380806146,,3.28,1.0,0,0,0,True,False,exact_variant,1.0,"Barnes, Charlie",656212.0,,,,,,,,,,,,,,,,,,,,,,,,,,,,,,,,,,,,,,,,,,,,True,pitching,7.0,2021.0,1.0,100.0,1.0,0.0,,,,,,0.191358024691358,0.074074074074074,76.0,16.0,16.0,7.342105263157895,2.8421052631578947,0.8289473684210527,3.79,1.2800000000000002,True,milb_only,100.0
2023,호세피렐라,호세 피렐라,José Manuel Pirela,삼성,hitter,hitter,4,True,True,0,0,0,605.0,,0.6626286506652832,107.88999938964844,,0.0,0,0,0,False,False,,,,,,,,,,,,,,,,,,,,,,,,,,,,,,,,,,,,,,,,,,,,,,,,False,,,,,,,,,,,,,,,,,,,,,,,False,none,
2023,데이비드뷰캐넌,데이비드 뷰캐넌,David Andrew Buchanan,삼성,starter,pitcher,4,True,True,1,1,0,,188.0,5.569783352978143,,2.54,0.0,0,0,0,True,False,exact_variant,1.0,"Buchanan, David",571527.0,,,,,,,,,,,,,,,,,,,,,,,,,,,,,,,,,,,,,,,,,,,,True,pitching,9.0,2016.0,0.0,100.0,4.0,2.0,,,,,,0.1497067954467057,0.0689893066574681,687.3333333333334,117.0,116.0,5.682832201745877,2.6188166828322017,0.7070805043646944,3.823215324927255,1.3049224054316195,True,milb_only,100.0
2023,앨버트수아레즈,앨버트 수아레즈,Albert Joe Suárez,삼성,starter,pitcher,4,True,True,0,0,1,,108.0,2.198985971289452,,3.92,0.0,1,1,0,True,False,exact_variant,1.0,"Suárez, Albert",544150.0,,,,,,,,,,,,,,,,,,,,,,,,,,,,,,,,,,,,,,,,,,,,True,pitching,15.0,2018.0,0.0,100.0,3.0,3.0,,,,,,0.1645324020178502,0.0675203725261932,611.3333333333334,148.0,115.0,6.2420937840785164,2.5616139585605233,0.7508178844056707,3.665229007633587,1.272453653217012,True,milb_only,100.0
2023,테일러와이드너,테일러 와이드너,Taylor Browning Widener,삼성,starter,pitcher,4,True,True,0,0,1,,53.333333333333336,0.7817445393451516,,4.5600000000000005,0.0,0,0,0,True,True,exact_variant,1.0,"Widener, Taylor",642203.0,2022,1.0,2022.0,82.0,333.0,14.0,0.0,0.0,0.0,0.0,0.0975609756097561,0.1707317073170731,0.024390243902439,0.3543209876543209,0.3535704104758829,0.5411166666666667,0.1839080459770115,0.3161290322580645,0.5225225225225225,0.6144578313253012,0.069069069069069,0.4000000000000001,0.0666666666666666,0.0,0.0,,0.3127906976744186,0.34375,,,,,,,,,,,,,,,,True,pitching,8.0,2022.0,4.0,100.0,2.0,0.0,,,,,,0.2957746478873239,0.0657276995305164,48.0,30.0,3.0,11.8125,2.625,1.6875,6.188055555555555,1.5019444444444443,True,savant_and_milb,100.0
2023,로니도슨,로니 도슨,Ronnie Dawson,키움,hitter,hitter,4,True,True,1,0,0,261.0,,1.766088843345642,147.02200317382812,,1.0,0,0,0,True,True,exact_variant,1.0,ronnie dawson,669008.0,2022,1.0,2022.0,3.0,15.0,,,,,,,0.6666666666666666,0.0,,,,0.2857142857142857,0.5454545454545454,,,,1.0,0.0,,,,,,,,0.0,0.0,0.25,0.7142857142857143,0.2,0.0,0.0,,0.333,,0.333,,,True,hitting,8.0,2022.0,2.0,100.0,2.0,0.0,855.0,18.0,0.7244315789473684,0.3399520467836257,0.3844795321637427,0.2292397660818713,0.1029239766081871,,,,,,,,,True,savant_and_milb,100.0
2023,에디슨러셀,에디슨 러셀,Addison Wayne Russell,키움,hitter,hitter,4,True,True,0,0,1,239.0,,1.0204066038131714,106.44100189208984,,0.0,1,1,0,False,False,,,,,,,,,,,,,,,,,,,,,,,,,,,,,,,,,,,,,,,,,,,,,,,,False,,,,,,,,,,,,,,,,,,,,,,,False,none,
2023,아리엘후라도,아리엘 후라도,Ariel Bolívar Jurado Agrazal,키움,starter,pitcher,4,True,True,1,1,0,,183.66666666666663,5.876200112803231,,2.65,1.0,0,0,0,False,False,,,,,,,,,,,,,,,,,,,,,,,,,,,,,,,,,,,,,,,,,,,,,,,,False,,,,,,,,,,,,,,,,,,,,,,,False,none,
2023,에릭요키시,에릭 요키시,Eric Spenser Jokisch,키움,starter,pitcher,4,True,True,0,0,1,,65.66666666666667,0.658504609431179,,4.39,1.0,1,1,0,False,False,,,,,,,,,,,,,,,,,,,,,,,,,,,,,,,,,,,,,,,,,,,,,,,,False,,,,,,,,,,,,,,,,,,,,,,,False,none,
2023,이언매키니,이언 매키니,Ian McKinney,키움,starter,pitcher,4,True,True,0,0,1,,59.333333333333336,-0.2654385508946237,,6.52,0.0,0,0,0,False,False,,,,,,,,,,,,,,,,,,,,,,,,,,,,,,,,,,,,,,,,,,,,,,,,False,,,,,,,,,,,,,,,,,,,,,,,False,none,
2023,닉윌리엄스,닉 윌리엄스,Nick Williams,한화,hitter,hitter,4,True,True,0,0,1,273.0,,-0.5914393663406372,78.50509643554688,,0.0,0,0,0,False,False,,,,,,,,,,,,,,,,,,,,,,,,,,,,,,,,,,,,,,,,,,,,,,,,False,,,,,,,,,,,,,,,,,,,,,,,False,none,
2023,브라이언오그레디,브라이언 오그레디,Brian O'Grady,한화,hitter,hitter,4,True,True,0,0,1,86.0,,-0.9236897230148317,-20.75860023498535,,0.0,1,1,1,False,False,,,,,,,,,,,,,,,,,,,,,,,,,,,,,,,,,,,,,,,,,,,,,,,,False,,,,,,,,,,,,,,,,,,,,,,,False,none,
2023,리카르도산체스,리카르도 산체스,Ricardo Jose Sánchez,한화,starter,pitcher,4,True,True,1,0,0,,126.0,2.201795138319131,,3.79,0.0,0,0,0,False,False,,,,,,,,,,,,,,,,,,,,,,,,,,,,,,,,,,,,,,,,,,,,,,,,False,,,,,,,,,,,,,,,,,,,,,,,False,none,
2023,버치스미스,버치 스미스,Burch Taylor Smith,한화,starter,pitcher,4,True,True,0,0,1,,2.6666666666666665,0.0898003949362863,,6.75,0.0,1,1,0,True,False,exact_variant,1.0,"Smith, Burch",572143.0,,,,,,,,,,,,,,,,,,,,,,,,,,,,,,,,,,,,,,,,,,,,True,pitching,12.0,2021.0,1.0,100.0,1.0,0.0,,,,,,0.2413793103448276,0.1379310344827586,5.333333333333333,4.0,0.0,11.8125,6.75,5.0625,10.13,2.44,True,milb_only,100.0
2023,펠릭스페냐,펠릭스 페냐,Félix Ricardo Peña,한화,starter,pitcher,4,True,True,1,0,0,,177.33333333333334,3.698220895864764,,3.6,0.0,0,0,0,False,False,,,,,,,,,,,,,,,,,,,,,,,,,,,,,,,,,,,,,,,,,,,,,,,,False,,,,,,,,,,,,,,,,,,,,,,,False,none,
2024,소크라테스브리토,소크라테스 브리토,Sócrates Orel Brito,KIA,hitter,hitter,4,True,True,1,0,0,602.0,,3.535667181015014,121.21900177001952,,0.0,0,0,0,False,False,,,,,,,,,,,,,,,,,,,,,,,,,,,,,,,,,,,,,,,,,,,,,,,,False,,,,,,,,,,,,,,,,,,,,,,,False,none,
2024,에릭라우어,에릭 라우어,Eric Lauer,KIA,starter,pitcher,4,True,True,0,0,1,,34.666666666666664,0.7603555099081909,,4.93,0.0,0,0,0,True,True,exact_variant,1.0,"Lauer, Eric",641778.0,2022|2023,2.0,2023.0,872.0,3523.0,39.0,38.0,34.0,23.0,7.0,0.0974770642201834,0.2293577981651375,0.0493119266055045,0.3398682061440088,0.4035928840256476,0.603038490632811,0.2043542673559874,0.2672171846494965,0.5018038475983625,0.6070879181795503,0.0860259164439684,0.3982433138885398,0.0941802640582017,0.975802752293578,0.8731888642834547,0.3257187966610323,0.3533489416596838,0.3679768730886849,0.3518534123263638,55.76852864191677,,,,,,,,,,,,,,True,pitching,9.0,2023.0,2.0,100.0,1.0,0.0,,,,,,0.3157894736842105,0.1148325358851674,44.666666666666664,13.0,10.0,13.298507462686567,4.835820895522389,1.2089552238805972,5.034701492537314,1.7429850746268656,True,savant_and_milb,100.0
2024,에릭스타우트,에릭 스타우트,Eric Stout,KIA,starter,pitcher,4,True,True,0,0,1,,16.0,0.2791539221963615,,5.06,0.0,1,0,0,True,True,exact_variant,1.0,"Stout, Eric",657770.0,2022,1.0,2022.0,110.0,454.0,20.0,0.0,0.0,0.0,0.0,0.1727272727272727,0.2272727272727272,0.0181818181818181,0.3747706422018348,0.3615788189810746,0.5423636363636364,0.2393617021276596,0.2411067193675889,0.4339207048458149,0.6545454545454545,0.0859030837004405,0.3636363636363636,0.0909090909090909,0.0,0.0,0.4166666666666667,0.3721428571428571,0.4315217391304348,,,,,,,,,,,,,,,,True,pitching,16.0,2023.0,4.0,100.0,4.0,0.0,,,,,,0.3057553956834532,0.1438848920863309,126.66666666666669,75.0,6.0,12.078947368421051,5.684210526315789,0.781578947368421,3.337447368421053,1.398157894736842,True,savant_and_milb,100.0
2024,윌크로우,윌 크로우,William Chandler Crowe,KIA,starter,pitcher,4,True,True,0,0,1,,40.333333333333336,1.0934892047741822,,3.57,0.0,1,1,0,False,False,,,,,,,,,,,,,,,,,,,,,,,,,,,,,,,,,,,,,,,,,,,,,,,,False,,,,,,,,,,,,,,,,,,,,,,,False,none,
2024,제임스네일,제임스 네일,James Aubrey Naile,KIA,starter,pitcher,4,True,True,1,1,0,,149.33333333333334,4.307810690568332,,2.53,1.0,0,0,0,True,True,exact_variant,1.0,"Naile, James",664942.0,2022|2023,2.0,2023.0,117.0,434.0,17.0,0.0,0.0,0.0,0.0,0.094017094017094,0.1025641025641025,0.0256410256410256,0.3905982905982906,0.4017748317702866,0.5506108262108262,0.1459149696559768,0.2523430457541645,0.531369864703198,0.6923076923076923,0.0860990860990861,0.4998575498575499,0.0424501424501424,0.0,0.0,,0.4045081280375397,0.4493589743589744,,,,,,,,,,,,,,,,True,pitching,15.0,2023.0,2.0,100.0,2.0,0.0,,,,,,0.2292768959435626,0.074074074074074,132.33333333333334,75.0,6.0,8.841309823677582,2.856423173803526,0.7481108312342569,3.466045340050378,1.375541561712846,True,savant_and_milb,100.0
2024,캠알드레드,캠 알드레드,Cam Alldred,KIA,starter,pitcher,4,True,True,0,0,1,,43.666666666666664,1.195971330090573,,4.53,0.0,1,0,0,True,True,exact_variant,1.0,"Alldred, Cam",682027.0,2022,1.0,2022.0,4.0,16.0,1.0,0.0,0.0,0.0,0.0,0.0,0.25,0.0,0.225,0.1823333333333333,0.2153333333333333,0.125,0.0,0.6875,0.75,0.0625,0.0,0.0,0.0,0.0,,,,,,,,,,,,,,,,,,,True,pitching,6.0,2023.0,2.0,100.0,2.0,0.0,,,,,,0.2170963364993215,0.0963364993215739,172.0,73.0,19.0,8.372093023255815,3.7151162790697674,1.0988372093023255,4.764205426356589,1.37,True,savant_and_milb,100.0
2024,멜로하스주니어,멜 로하스 주니어,Mel Rojas Jr,KT,hitter,hitter,4,True,True,1,1,0,670.0,,6.708414077758789,153.26199340820312,,0.0,0,0,0,False,False,,,,,,,,,,,,,,,,,,,,,,,,,,,,,,,,,,,,,,,,,,,,,,,,False,,,,,,,,,,,,,,,,,,,,,,,False,none,
2024,웨스벤자민,웨스 벤자민,Wes Benjamin,KT,starter,pitcher,4,True,True,1,0,0,,149.66666666666666,2.7077681215177463,,4.63,0.0,0,0,0,False,False,,,,,,,,,,,,,,,,,,,,,,,,,,,,,,,,,,,,,,,,,,,,,,,,False,,,,,,,,,,,,,,,,,,,,,,,False,none,
2024,윌리엄쿠에바스,윌리엄 쿠에바스,William Enrique Cuevas Osorio,KT,starter,pitcher,4,True,True,1,1,0,,173.33333333333334,4.409441312716488,,4.1,0.0,0,0,0,False,False,,,,,,,,,,,,,,,,,,,,,,,,,,,,,,,,,,,,,,,,,,,,,,,,False,,,,,,,,,,,,,,,,,,,,,,,False,none,
2024,오스틴딘,오스틴 딘,Austin James Dean,LG,hitter,hitter,4,True,True,1,1,0,604.0,,5.228662014007568,147.7550048828125,,1.0,0,0,0,True,True,exact_variant,1.0,austin dean,621573.0,2022,1.0,2022.0,9.0,38.0,,,,,,,0.0,0.0,,,,0.0625,0.2608695652173913,,,,0.25,0.0,,,,,,,,0.1111111111111111,0.4777777777777776,0.6666666666666666,0.3,0.1666666666666666,0.125,0.125,0.0,0.27825,,0.3013333333333333,,,True,hitting,14.0,2022.0,1.0,100.0,1.0,0.0,438.0,17.0,0.812,0.345,0.467,0.2146118721461187,0.0867579908675799,,,,,,,,,True,savant_and_milb,100.0
2024,디트릭엔스,디트릭 엔스,Dietrich Arthur Enns,LG,starter,pitcher,4,True,True,1,0,0,,167.66666666666666,3.766282559141343,,4.19,0.0,0,0,0,True,False,exact_variant,1.0,"Enns, Dietrich",608650.0,,,,,,,,,,,,,,,,,,,,,,,,,,,,,,,,,,,,,,,,,,,,True,pitching,15.0,2021.0,0.0,100.0,7.0,2.0,,,,,,0.2316602316602316,0.0855855855855855,747.3333333333334,173.0,117.0,8.670829616413915,3.2033898305084745,0.8911685994647636,3.323987511150759,1.2415254237288136,True,milb_only,100.0
2024,엘리에이저에르난데스,엘리에이저 에르난데스,Elieser Hernández,LG,starter,pitcher,4,True,True,0,0,1,,47.0,1.3927626087030902,,4.02,0.0,0,0,0,True,True,exact_variant,1.0,"Hernández, Elieser",622694.0,2022,1.0,2022.0,278.0,1099.0,20.0,10.0,6.0,3.0,0.0,0.0935251798561151,0.2158273381294964,0.0683453237410072,0.3953068592057762,0.3984562609030056,0.6336197916666667,0.2099447513812154,0.2379032258064515,0.5450409463148317,0.6928571428571428,0.0800727934485896,0.359375,0.1302083333333333,0.5,0.45,0.3756944444444444,0.3459090909090909,0.4061403508771929,0.5885714285714285,45.55380825087133,,,,,,,,,,,,,,True,pitching,22.0,2023.0,6.0,100.0,2.0,0.0,,,,,,0.2912280701754386,0.0736842105263157,68.33333333333333,22.0,17.0,10.93170731707317,2.7658536585365856,1.3170731707317074,3.823463414634147,1.1975121951219512,True,savant_and_milb,100.0
2024,케이시켈리,케이시 켈리,Casey Patrick Kelly,LG,starter,pitcher,4,True,True,0,0,1,,113.66666666666669,1.8492238092777016,,4.51,0.0,1,0,1,True,False,exact_variant,1.0,"Kelly, Casey",543391.0,,,,,,,,,,,,,,,,,,,,,,,,,,,,,,,,,,,,,,,,,,,,True,pitching,16.0,2018.0,0.0,100.0,7.0,5.0,,,,,,0.1841220584432376,0.0729247478665632,900.0,185.0,166.0,7.12,2.82,0.87,4.170414814814815,1.3760111111111109,True,milb_only,100.0
2024,맷데이비드슨,맷 데이비드슨,Matthew Glen Davidson,NC,hitter,hitter,4,True,True,1,1,0,567.0,,4.108154773712158,153.94900512695312,,0.0,0,0,0,False,False,,,,,,,,,,,,,,,,,,,,,,,,,,,,,,,,,,,,,,,,,,,,,,,,False,,,,,,,,,,,,,,,,,,,,,,,False,none,
2024,다니엘카스타노,다니엘 카스타노,Daniel Alexander Castano,NC,starter,pitcher,4,True,True,0,0,1,,111.66666666666669,1.892333275860024,,4.35,0.0,1,1,1,True,True,exact_variant,1.0,"Castano, Daniel",641447.0,2022|2023,2.0,2023.0,176.0,646.0,12.0,7.0,3.0,2.0,1.0,0.0795454545454545,0.1363636363636363,0.0397727272727272,0.4014167650531287,0.3616365617174923,0.5219129711751663,0.1510519141875073,0.2883358054568875,0.5230977547306385,0.6534090909090909,0.07648997700614,0.352667493796526,0.0746672682156552,0.6204545454545454,0.5318181818181817,0.3855421686746988,0.3533001245330012,0.3657467532467532,0.2884615384615384,58.64299219238776,,,,,,,,,,,,,,True,pitching,10.0,2023.0,3.0,100.0,2.0,0.0,,,,,,0.2327790973871734,0.0926365795724465,97.66666666666669,26.0,15.0,9.030716723549489,3.5938566552901023,1.8430034129692832,4.516825938566552,1.3069283276450514,True,savant_and_milb,100.0
2024,에릭요키시,에릭 요키시,Eric Spenser Jokisch,NC,starter,pitcher,4,True,True,0,0,1,,39.333333333333336,0.1284947706263699,,5.72,0.0,0,0,0,False,False,,,,,,,,,,,,,,,,,,,,,,,,,,,,,,,,,,,,,,,,,,,,,,,,False,,,,,,,,,,,,,,,,,,,,,,,False,none,
2024,카일하트,카일 하트,Kyle Patrick Hart,NC,starter,pitcher,4,True,True,1,1,0,,157.0,6.150586745388057,,2.69,0.0,0,0,0,True,False,exact_variant,1.0,"Hart, Kyle",606996.0,,,,,,,,,,,,,,,,,,,,,,,,,,,,,,,,,,,,,,,,,,,,True,pitching,12.0,2023.0,5.0,100.0,4.0,1.0,,,,,,0.2169312169312169,0.0908289241622574,261.0,62.0,46.0,8.482758620689655,3.5517241379310347,1.137931034482759,4.755185185185185,1.448786717752235,True,milb_only,100.0
2024,기예르모에레디아,기예르모 에레디아,Guillermo Heredia Molina,SSG,hitter,hitter,4,True,True,1,1,0,591.0,,4.563113689422607,137.21099853515625,,1.0,0,0,0,False,False,,,,,,,,,,,,,,,,,,,,,,,,,,,,,,,,,,,,,,,,,,,,,,,,False,,,,,,,,,,,,,,,,,,,,,,,False,none,
2024,드류앤더슨,드류 앤더슨,Andrew James Anderson,SSG,starter,pitcher,4,True,True,1,0,0,,115.66666666666669,3.4467197298004493,,3.89,1.0,0,0,0,False,False,,,,,,,,,,,,,,,,,,,,,,,,,,,,,,,,,,,,,,,,,,,,,,,,False,,,,,,,,,,,,,,,,,,,,,,,False,none,
2024,로버트더거,로버트 더거,Robert Lee Dugger,SSG,starter,pitcher,4,True,True,0,0,1,,22.666666666666668,-0.8389506681770665,,12.71,0.0,1,0,1,True,True,exact_variant,1.0,"Dugger, Robert",667498.0,2022,1.0,2022.0,72.0,284.0,4.0,1.0,1.0,0.0,0.0,0.0972222222222222,0.2638888888888889,0.0416666666666666,0.3756944444444444,0.4382828452121793,0.6888260869565217,0.2556390977443609,0.3121019108280254,0.4471830985915493,0.4861111111111111,0.0950704225352112,0.5,0.1304347826086956,0.25,0.5,0.3826086956521739,0.4041666666666667,0.3775,0.1124999999999999,,,,,,,,,,,,,,,True,pitching,13.0,2023.0,4.0,100.0,4.0,0.0,,,,,,0.2061769616026711,0.1051752921535893,279.0,67.0,53.0,7.967741935483871,4.064516129032258,1.032258064516129,4.390537634408602,1.4305017921146952,True,savant_and_milb,100.0
2024,로에니스엘리아스,로에니스 엘리아스,Roenis Elías,SSG,starter,pitcher,4,True,True,1,0,0,,123.66666666666669,3.6103183806963983,,4.08,0.0,0,0,0,True,True,exact_variant,1.0,"Elías, Roenis",606273.0,2022,1.0,2022.0,33.0,114.0,7.0,0.0,0.0,0.0,0.0,0.0909090909090909,0.1818181818181818,0.0303030303030303,0.2984848484848484,0.2707018229166666,0.37975,0.1612903225806451,0.3333333333333333,0.5263157894736842,0.696969696969697,0.0789473684210526,0.2916666666666667,0.0416666666666666,0.0,0.0,,0.3125,0.15,,,,,,,,,,,,,,,,True,pitching,17.0,2023.0,2.0,100.0,2.0,0.0,,,,,,0.2005494505494505,0.0659340659340659,86.33333333333333,41.0,13.0,7.61003861003861,2.5019305019305023,1.4594594594594594,5.208957528957528,1.2736293436293435,True,savant_and_milb,100.0
2024,제러드영,제러드 영,Jared Young,두산,hitter,hitter,4,True,True,0,0,1,169.0,,1.645452618598938,183.68800354003903,,0.0,0,0,0,True,True,exact_variant,1.0,jared young,676724.0,2022|2023,2.0,2023.0,69.0,272.0,,,,,,,0.2898550724637681,0.0289855072463768,,,,0.3172652804032766,0.294585726004922,,,,0.4091787439613526,0.0946859903381642,,,,,,,,0.0869565217391303,0.3391304347826087,0.7123993558776167,0.3593666129898014,0.3591617933723197,0.3144927536231884,0.5265700483091788,0.5453416149068323,0.2438880262249827,0.2479988267770876,0.2494427191166321,0.0599999999999999,,True,hitting,7.0,2023.0,2.0,100.0,2.0,0.0,831.0,38.0,0.8499987966305655,0.3589614921780987,0.4910373044524669,0.2334536702767749,0.1083032490974729,,,,,,,,,True,savant_and_milb,100.0
2024,헨리라모스,헨리 라모스,Henry Ramos,두산,hitter,hitter,4,True,True,0,0,1,348.0,,1.7375532388687134,119.56999969482422,,0.0,1,0,1,True,True,exact_variant,1.0,henry ramos,592656.0,2023,1.0,2023.0,86.0,313.0,,,,,,,0.2441860465116279,0.0,,,,0.277027027027027,0.2954545454545454,,,,0.2075471698113206,0.0377358490566037,,,,,,,,0.127906976744186,0.3063953488372093,0.7111111111111111,0.3092783505154639,0.3636363636363636,0.320754716981132,0.4716981132075472,0.6,0.3303832189430336,0.331,0.3521182516188714,0.289875,,True,hitting,15.0,2023.0,1.0,100.0,1.0,0.0,327.0,13.0,0.954,0.411,0.543,0.1987767584097859,0.1253822629969418,,,,,,,,,True,savant_and_milb,100.0
2024,라울알칸타라,라울 알칸타라,Raul Alcántara,두산,starter,pitcher,4,True,True,0,0,1,,64.33333333333333,1.154209860868482,,4.76,1.0,1,0,1,False,False,,,,,,,,,,,,,,,,,,,,,,,,,,,,,,,,,,,,,,,,,,,,,,,,False,,,,,,,,,,,,,,,,,,,,,,,False,none,
2024,브랜던워델,브랜던 워델,Brandon David Waddell,두산,starter,pitcher,4,True,True,0,0,0,,75.0,2.175058850519316,,3.12,0.0,0,0,0,True,False,exact_variant,1.0,"Waddell, Brandon",663399.0,,,,,,,,,,,,,,,,,,,,,,,,,,,,,,,,,,,,,,,,,,,,True,pitching,12.0,2022.0,1.0,100.0,1.0,0.0,,,,,,0.2578125,0.0859375,30.0,23.0,0.0,9.9,3.3,0.3,3.3,1.33,True,milb_only,100.0
2024,시라카와케이쇼,시라카와 케이쇼,Keisho Shirakawa,두산,starter,pitcher,4,True,True,0,0,1,,34.333333333333336,0.1920650341595534,,6.03,0.0,1,0,0,False,False,,,,,,,,,,,,,,,,,,,,,,,,,,,,,,,,,,,,,,,,,,,,,,,,False,,,,,,,,,,,,,,,,,,,,,,,False,none,
2024,조던발라조빅,조던 발라조빅,Jordan Balazovic,두산,starter,pitcher,4,True,True,0,0,1,,57.0,1.253415195443148,,4.26,0.0,0,0,0,True,True,exact_variant,1.0,"Balazovic, Jordan",666364.0,2023,1.0,2023.0,108.0,393.0,18.0,0.0,0.0,0.0,0.0,0.1111111111111111,0.1574074074074074,0.0462962962962962,0.361574074074074,0.3768313991635851,0.5559493670886076,0.1648351648351648,0.213903743315508,0.5216284987277354,0.6111111111111112,0.0966921119592875,0.4936708860759494,0.0759493670886076,0.0,0.0,,0.296551724137931,0.403125,,,,,,,,,,,,,,,,True,pitching,9.0,2023.0,3.0,100.0,2.0,0.0,,,,,,0.2314487632508834,0.1219081272084805,118.33333333333331,45.0,24.0,9.96338028169014,5.2478873239436625,1.9774647887323944,6.770478873239437,1.8768732394366197,True,savant_and_milb,100.0
2024,빅터레예스,빅터 레예스,Víctor José Reyes,롯데,hitter,hitter,4,True,True,1,1,0,632.0,,3.5102803707122803,127.54900360107422,,1.0,0,0,0,True,True,exact_variant,1.0,víctor reyes,622682.0,2022,1.0,2022.0,336.0,1283.0,,,,,,,0.2232142857142857,0.0089285714285714,,,,0.2503477051460361,0.425253991291727,,,,0.3677685950413223,0.049586776859504,,,,,,,,0.0386904761904761,0.2930059523809524,0.7171717171717171,0.5380434782608695,0.2534435261707989,0.371900826446281,0.4793388429752066,0.4913793103448275,0.3446766523935129,0.4750507246376811,0.3427287362600188,0.5764603174603175,43.21882670010479,True,hitting,13.0,2023.0,2.0,100.0,2.0,0.0,578.0,23.0,0.8096055363321799,0.3342076124567474,0.4753979238754325,0.2179930795847751,0.0692041522491349,,,,,,,,,True,savant_and_milb,100.0
2024,애런윌커슨,애런 윌커슨,Aaron Wilkerson,롯데,starter,pitcher,4,True,True,1,1,0,,196.66666666666663,6.056565445113432,,3.84,0.0,0,0,0,False,False,,,,,,,,,,,,,,,,,,,,,,,,,,,,,,,,,,,,,,,,,,,,,,,,False,,,,,,,,,,,,,,,,,,,,,,,False,none,
2024,찰리반즈,찰리 반즈,Charlie Barnes,롯데,starter,pitcher,4,True,True,1,1,0,,150.66666666666666,5.766521192136825,,3.35,0.0,0,0,0,True,False,exact_variant,1.0,"Barnes, Charlie",656212.0,,,,,,,,,,,,,,,,,,,,,,,,,,,,,,,,,,,,,,,,,,,,True,pitching,7.0,2021.0,0.0,100.0,2.0,1.0,,,,,,0.1949413942011104,0.0869833436150524,373.6666666666667,77.0,75.0,7.611061552185548,3.3960749330954503,0.6262265834076717,3.708233719892952,1.3778322925958968,True,milb_only,100.0
2024,데이비드맥키넌,데이비드 맥키넌,David MacKinnon,삼성,hitter,hitter,4,True,True,0,0,1,315.0,,0.5285413265228271,96.45189666748048,,0.0,1,0,1,True,True,exact_variant,1.0,david mackinnon,676950.0,2022,1.0,2022.0,57.0,252.0,,,,,,,0.2982456140350877,0.0,,,,0.2410714285714285,0.296875,,,,0.2058823529411764,0.0294117647058823,,,,,,,,0.1052631578947368,0.2,0.5967741935483871,0.3333333333333333,0.3529411764705882,0.2647058823529412,0.4117647058823529,0.6428571428571429,0.2722,0.582,0.2791666666666667,0.308,,True,hitting,10.0,2022.0,3.0,100.0,3.0,0.0,692.0,30.0,1.0022283236994218,0.4162760115606936,0.5859523121387283,0.1820809248554913,0.1416184971098266,,,,,,,,,True,savant_and_milb,100.0
2024,루벤카데나스,루벤 카데나스,Ruben Cardenas,삼성,hitter,hitter,4,True,True,0,0,1,25.0,,-0.0605283714830875,145.51699829101562,,0.0,1,1,1,False,False,,,,,,,,,,,,,,,,,,,,,,,,,,,,,,,,,,,,,,,,,,,,,,,,False,,,,,,,,,,,,,,,,,,,,,,,False,none,
2024,르윈디아즈,르윈 디아즈,Lewin Díaz,삼성,hitter,hitter,4,True,True,1,0,0,118.0,,0.5481775999069214,107.88899993896484,,1.0,0,0,0,True,True,exact_variant,1.0,lewin díaz,650331.0,2022,1.0,2022.0,174.0,732.0,,,,,,,0.3103448275862069,0.028735632183908,,,,0.2396449704142011,0.3350785340314136,,,,0.287037037037037,0.0555555555555555,,,,,,,,0.0632183908045977,0.232758620689655,0.6,0.3608247422680412,0.3703703703703703,0.3148148148148148,0.5648148148148148,0.5901639344262295,0.2411586099967052,0.4397054700854701,0.2395096825396825,0.3791428571428571,27.872834334200498,True,hitting,14.0,2023.0,2.0,100.0,2.0,0.0,851.0,36.0,0.8087567567567567,0.3451351351351351,0.4636216216216215,0.199764982373678,0.1081081081081081,,,,,,,,,True,savant_and_milb,100.0
2024,데니레예스,데니 레예스,Denyi Reyes,삼성,starter,pitcher,4,True,True,1,1,0,,144.0,4.465718300718198,,3.81,0.0,0,0,0,True,True,exact_variant,1.0,"Reyes, Denyi",660593.0,2022|2023,2.0,2023.0,121.0,481.0,12.0,4.0,1.0,1.0,1.0,0.0826446280991735,0.165289256198347,0.024793388429752,0.3539697279227412,0.3541846819163322,0.4983931960295596,0.2039377734564899,0.3415140582707043,0.4930675385220839,0.6033057851239669,0.0785275330729875,0.3925838471293016,0.0590318772136953,0.3333333333333333,0.1652892561983471,0.3678835020108719,0.4477887757063233,0.3501257635644987,0.2777777777777778,,,,,,,,,,,,,,,True,pitching,10.0,2023.0,4.0,100.0,2.0,0.0,,,,,,0.1982116244411326,0.0625931445603576,151.66666666666666,37.0,30.0,7.892307692307693,2.4923076923076923,2.195604395604396,6.111626373626374,1.4258021978021975,True,savant_and_milb,100.0
2024,코너시볼드,코너 시볼드,Connor Seabold,삼성,starter,pitcher,4,True,True,1,1,0,,160.0,5.2666814804380895,,3.43,0.0,0,0,0,True,True,exact_variant,1.0,"Seabold, Connor",657756.0,2022|2023,2.0,2023.0,505.0,1937.0,32.0,18.0,9.0,4.0,0.0,0.0891089108910891,0.1702970297029703,0.0475247524752474,0.4253912724605793,0.389461312602696,0.585608380590381,0.2054406091341207,0.2415805416158054,0.5276015095257262,0.6324307940998182,0.0805127872348454,0.3923607066589011,0.1016210444573868,0.581078107810781,0.4144774477447744,0.4458126313050651,0.4361472943105829,0.4686599983390696,0.4084042904290428,45.539362152033505,,,,,,,,,,,,,,True,pitching,11.0,2023.0,2.0,100.0,2.0,0.0,,,,,,0.2455795677799607,0.0530451866404715,118.0,27.0,27.0,9.533898305084746,2.059322033898305,0.7627118644067796,4.4219774011299435,1.2866666666666666,True,savant_and_milb,100.0
2024,로니도슨,로니 도슨,Ronnie Dawson,키움,hitter,hitter,4,True,True,1,0,0,429.0,,3.272735118865967,145.93899536132812,,0.0,0,0,0,True,True,exact_variant,1.0,ronnie dawson,669008.0,2022,1.0,2022.0,3.0,15.0,,,,,,,0.6666666666666666,0.0,,,,0.2857142857142857,0.5454545454545454,,,,1.0,0.0,,,,,,,,0.0,0.0,0.25,0.7142857142857143,0.2,0.0,0.0,,0.333,,0.333,,,True,hitting,8.0,2022.0,1.0,100.0,1.0,0.0,448.0,11.0,0.733,0.339,0.394,0.25,0.09375,,,,,,,,,True,savant_and_milb,100.0
2024,아리엘후라도,아리엘 후라도,Ariel Bolívar Jurado Agrazal,키움,starter,pitcher,4,True,True,1,1,0,,190.33333333333337,5.802878277442628,,3.36,1.0,0,0,0,False,False,,,,,,,,,,,,,,,,,,,,,,,,,,,,,,,,,,,,,,,,,,,,,,,,False,,,,,,,,,,,,,,,,,,,,,,,False,none,
2024,엔마누엘데헤수스,엔마누엘 데 헤수스,Enmanuel Jose De Jesus,키움,starter,pitcher,4,True,True,1,1,0,,171.33333333333334,4.394136893971022,,3.68,1.0,0,0,0,True,True,exact_variant,1.0,"De Jesus, Enmanuel",646241.0,2023,1.0,2023.0,34.0,136.0,2.0,0.0,0.0,0.0,0.0,0.2058823529411764,0.1470588235294117,0.0,0.4132352941176471,0.3859872100313479,0.5625,0.2419354838709677,0.2463768115942028,0.4926470588235294,0.7352941176470589,0.0955882352941176,0.5,0.1363636363636363,0.0,0.0,,0.525,0.5117647058823529,,,,,,,,,,,,,,,,True,pitching,12.0,2023.0,3.0,100.0,2.0,0.0,,,,,,0.2126696832579185,0.1165158371040724,193.66666666666663,54.0,37.0,8.736660929432015,4.7865748709122204,0.9294320137693632,4.596609294320138,1.60433734939759,True,savant_and_milb,100.0
2024,요나탄페를라사,요나탄 페를라사,Yonathan Jesús Perlaza,한화,hitter,hitter,4,True,True,1,0,0,522.0,,2.200988292694092,116.71299743652344,,0.0,0,0,0,False,False,,,,,,,,,,,,,,,,,,,,,,,,,,,,,,,,,,,,,,,,,,,,,,,,False,,,,,,,,,,,,,,,,,,,,,,,False,none,
2024,라이언와이스,라이언 와이스,Ryan Weiss,한화,starter,pitcher,4,True,True,1,0,0,,91.66666666666669,2.5694821261501475,,3.73,1.0,0,0,0,True,False,exact_variant,1.0,"Weiss, Ryan",680802.0,,,,,,,,,,,,,,,,,,,,,,,,,,,,,,,,,,,,,,,,,,,,True,pitching,10.0,2023.0,5.0,100.0,4.0,1.0,,,,,,0.2024013722126929,0.104631217838765,121.66666666666669,96.0,2.0,8.728767123287671,4.512328767123288,1.9972602739726024,7.246931506849315,1.800520547945205,True,milb_only,100.0
2024,리카르도산체스,리카르도 산체스,Ricardo Jose Sánchez,한화,starter,pitcher,4,True,True,0,0,1,,53.333333333333336,1.2859074647655164,,4.22,0.0,1,1,1,False,False,,,,,,,,,,,,,,,,,,,,,,,,,,,,,,,,,,,,,,,,,,,,,,,,False,,,,,,,,,,,,,,,,,,,,,,,False,none,
2024,펠릭스페냐,펠릭스 페냐,Félix Ricardo Peña,한화,starter,pitcher,4,True,True,0,0,1,,37.333333333333336,0.1786515505609682,,6.27,0.0,1,0,1,False,False,,,,,,,,,,,,,,,,,,,,,,,,,,,,,,,,,,,,,,,,,,,,,,,,False,,,,,,,,,,,,,,,,,,,,,,,False,none,
2024,하이메바리아,하이메 바리아,Jaime Barria,한화,starter,pitcher,4,True,True,0,0,0,,92.66666666666669,1.4110862447003436,,5.15,0.0,0,0,0,True,True,exact_variant,1.0,"Barria, Jaime",642545.0,2022|2023,2.0,2023.0,678.0,2500.0,69.0,8.0,3.0,2.0,0.0,0.079646017699115,0.1710914454277285,0.0457227138643067,0.3425123484174394,0.3777957768503526,0.573158970969362,0.2154466143270997,0.2789308737708009,0.4950490621424848,0.6671786245398474,0.0699287878248635,0.3490044593192809,0.1025857125303979,0.1208547135668426,0.0894474604000892,0.3103460944168908,0.3596115910011357,0.390950640727073,0.637892196299276,50.69102486220788,,,,,,,,,,,,,,True,pitching,12.0,2021.0,0.0,100.0,4.0,1.0,,,,,,0.1918864097363083,0.0434077079107505,577.0,126.0,112.0,7.377816291161179,1.6689774696707105,0.8890814558058926,4.133131138070479,1.2975043327556326,True,savant_and_milb,100.0
2025,패트릭위즈덤,패트릭 위즈덤,Patrick Wisdom,KIA,hitter,hitter,4,True,True,1,0,0,486.0,,3.4919967651367188,131.38339233398438,,0.0,0,0,0,True,True,exact_variant,1.0,patrick wisdom,621550.0,2022|2023|2024,3.0,2024.0,1010.0,4256.0,,,,,,,0.3495049504950495,0.0554455445544554,,,,0.3193688634644195,0.2565987248684347,,,,0.4947577059592751,0.1638028978667479,,,,,,,,0.092079207920792,0.3189757775611447,0.7053655157421361,0.3124277029819178,0.3891654959874162,0.3080547586039636,0.5527677216579652,0.6437051463388098,0.4177361247742834,0.5011958742556362,0.4435853380758936,0.4355497465896935,77.98202555339448,True,hitting,12.0,2024.0,2.0,100.0,2.0,0.0,48.0,4.0,1.296,0.4792500000000001,0.8167499999999999,0.3541666666666667,0.2083333333333333,,,,,,,,,True,savant_and_milb,100.0
2025,애덤올러,애덤 올러,Adam Oller,KIA,starter,pitcher,4,True,True,1,1,0,,149.0,3.6059733784792254,,3.62,1.0,0,0,0,True,True,exact_variant,1.0,"Oller, Adam",670124.0,2022|2023|2024,3.0,2024.0,627.0,2417.0,36.0,23.0,17.0,11.0,1.0,0.124401913875598,0.1515151515151514,0.0462519936204146,0.3922096100987478,0.3837890016664557,0.5803761712119611,0.1896107555971804,0.2480245068018607,0.460469841909061,0.584378410140183,0.1032478840281071,0.4165126927166401,0.0946871677299308,0.7153716294990533,0.648404637324305,0.4414449652817442,0.3750962468693614,0.3683861127458088,0.4232051720209615,43.35634898380382,,,,,,,,,,,,,,True,pitching,13.0,2024.0,6.0,100.0,6.0,0.0,,,,,,0.2382864792503346,0.1030789825970548,334.0,84.0,60.0,9.592814371257486,4.149700598802395,1.778443113772455,5.928972055888224,1.5153393213572854,True,savant_and_milb,100.0
2025,제임스네일,제임스 네일,James Aubrey Naile,KIA,starter,pitcher,4,True,True,1,1,0,,164.33333333333334,6.590633835096206,,2.25,1.0,0,0,0,True,True,exact_variant,1.0,"Naile, James",664942.0,2022|2023,2.0,2023.0,117.0,434.0,17.0,0.0,0.0,0.0,0.0,0.094017094017094,0.1025641025641025,0.0256410256410256,0.3905982905982906,0.4017748317702866,0.5506108262108262,0.1459149696559768,0.2523430457541645,0.531369864703198,0.6923076923076923,0.0860990860990861,0.4998575498575499,0.0424501424501424,0.0,0.0,,0.4045081280375397,0.4493589743589744,,,,,,,,,,,,,,,,True,pitching,15.0,2023.0,1.0,100.0,1.0,0.0,,,,,,0.264,0.084,59.0,31.0,3.0,10.067796610169491,3.2033898305084745,0.9152542372881356,3.66,1.37,True,savant_and_milb,100.0
2025,멜로하스주니어,멜 로하스 주니어,Mel Rojas Jr,KT,hitter,hitter,4,True,True,0,0,1,384.0,,1.2127257585525513,107.02774810791016,,0.0,1,0,1,False,False,,,,,,,,,,,,,,,,,,,,,,,,,,,,,,,,,,,,,,,,,,,,,,,,False,,,,,,,,,,,,,,,,,,,,,,,False,none,
2025,앤드류스티븐슨,앤드류 스티븐슨,Andrew Stevenson,KT,hitter,hitter,4,True,True,0,0,1,168.0,,0.4514786303043365,104.46678161621094,,0.0,0,0,0,True,True,exact_variant,1.0,andrew stevenson,664057.0,2023,1.0,2023.0,40.0,116.0,,,,,,,0.2,0.0,,,,0.2258064516129032,0.375,,,,0.2068965517241379,0.0,,,,,,,,0.05,0.21875,0.6833333333333333,0.391304347826087,0.2916666666666667,0.1724137931034483,0.3103448275862069,0.1111111111111111,0.2104466666666667,0.2891111111111111,0.1648083333333333,0.094,,True,hitting,12.0,2023.0,1.0,100.0,1.0,0.0,470.0,16.0,0.916,0.394,0.522,0.2063829787234042,0.0893617021276595,,,,,,,,,True,savant_and_milb,100.0
2025,엔마누엘데헤수스,엔마누엘 데 헤수스,Enmanuel Jose De Jesus,KT,starter,pitcher,4,True,True,1,0,0,,163.66666666666666,2.468155612977192,,3.96,0.0,0,0,0,True,True,exact_variant,1.0,"De Jesus, Enmanuel",646241.0,2023,1.0,2023.0,34.0,136.0,2.0,0.0,0.0,0.0,0.0,0.2058823529411764,0.1470588235294117,0.0,0.4132352941176471,0.3859872100313479,0.5625,0.2419354838709677,0.2463768115942028,0.4926470588235294,0.7352941176470589,0.0955882352941176,0.5,0.1363636363636363,0.0,0.0,,0.525,0.5117647058823529,,,,,,,,,,,,,,,,True,pitching,12.0,2023.0,2.0,100.0,1.0,0.0,,,,,,0.1686746987951807,0.1253012048192771,92.0,19.0,18.0,6.8478260869565215,5.086956521739131,0.8804347826086957,4.692318840579711,1.653333333333333,True,savant_and_milb,100.0
2025,윌리엄쿠에바스,윌리엄 쿠에바스,William Enrique Cuevas Osorio,KT,starter,pitcher,4,True,True,0,0,1,,98.33333333333331,0.3723167242986874,,5.4,0.0,1,0,1,False,False,,,,,,,,,,,,,,,,,,,,,,,,,,,,,,,,,,,,,,,,,,,,,,,,False,,,,,,,,,,,,,,,,,,,,,,,False,none,
2025,패트릭머피,패트릭 머피,Patrick Murphy,KT,starter,pitcher,4,True,True,0,0,1,,60.666666666666664,1.32870638879808,,3.12,0.0,0,0,0,True,True,exact_variant,1.0,"Murphy, Patrick",641907.0,2022,1.0,2022.0,34.0,142.0,6.0,0.0,0.0,0.0,0.0,0.2352941176470588,0.1176470588235294,0.0,0.4029411764705882,0.3089562672176308,0.349,0.1791044776119403,0.203125,0.5492957746478874,0.5588235294117647,0.1338028169014084,0.2727272727272727,0.0909090909090909,0.0,0.0,,0.3423076923076923,0.2666666666666666,,,,,,,,,,,,,,,,True,pitching,14.0,2023.0,1.0,100.0,1.0,0.0,,,,,,0.2506459948320413,0.1291989664082687,85.33333333333333,42.0,4.0,10.23046875,5.2734375,0.73828125,3.69,1.56,True,savant_and_milb,100.0
2025,오스틴딘,오스틴 딘,Austin James Dean,LG,hitter,hitter,4,True,True,1,1,0,499.0,,4.863814830780029,171.61871337890625,,1.0,0,0,0,True,True,exact_variant,1.0,austin dean,621573.0,2022,1.0,2022.0,9.0,38.0,,,,,,,0.0,0.0,,,,0.0625,0.2608695652173913,,,,0.25,0.0,,,,,,,,0.1111111111111111,0.4777777777777776,0.6666666666666666,0.3,0.1666666666666666,0.125,0.125,0.0,0.27825,,0.3013333333333333,,,True,hitting,14.0,2022.0,0.0,100.0,4.0,3.0,3276.0,82.0,0.7917866300366301,0.3500155677655678,0.4417710622710621,0.1739926739926739,0.0857753357753357,,,,,,,,,True,savant_and_milb,100.0
2025,앤더스톨허스트,앤더스 톨허스트,Anders William Tolhurst,LG,starter,pitcher,4,True,True,1,0,0,,44.0,1.312033239668124,,2.86,1.0,0,0,0,False,False,,,,,,,,,,,,,,,,,,,,,,,,,,,,,,,,,,,,,,,,,,,,,,,,False,,,,,,,,,,,,,,,,,,,,,,,False,none,
2025,엘리에이저에르난데스,엘리에이저 에르난데스,Elieser Hernández,LG,starter,pitcher,4,True,True,0,0,1,,66.0,1.2845670833675211,,4.23,0.0,1,0,1,True,True,exact_variant,1.0,"Hernández, Elieser",622694.0,2022|2024,2.0,2024.0,342.0,1351.0,29.0,11.0,7.0,4.0,0.0,0.0906432748538011,0.1988304093567251,0.0701754385964912,0.3901909557286718,0.4016682070765868,0.6388022822067424,0.2074154077643463,0.2363322262115715,0.538840022916456,0.6830827067669173,0.076227369556233,0.3911947454420364,0.1351962934296525,0.4272254710851202,0.386582196231319,0.3701663792672564,0.353107389686337,0.3301374781984199,0.5454859370648844,45.55380825087133,,,,,,,,,,,,,,True,pitching,23.0,2024.0,4.0,100.0,2.0,0.0,,,,,,0.2948717948717949,0.0769230769230769,38.0,14.0,9.0,10.894736842105264,2.8421052631578947,0.9473684210526316,2.845438596491228,1.1342105263157896,True,savant_and_milb,100.0
2025,요니치리노스,요니 치리노스,Yonny Chirinos,LG,starter,pitcher,4,True,True,1,1,0,,177.0,5.208812150749326,,3.31,0.0,0,0,0,True,True,exact_variant,1.0,"Chirinos, Yonny",630023.0,2022|2023|2024,3.0,2024.0,541.0,1961.0,28.0,16.0,12.0,4.0,0.0,0.0924214417744916,0.155268022181146,0.0406654343807763,0.3733567726174011,0.3893507977012814,0.5779352326323336,0.1720450500215054,0.2661510346894503,0.5106591717434406,0.628090107148761,0.0695700065854371,0.4281594644590158,0.0861646014498348,0.5991682070240295,0.6053604436229205,0.3337962226634572,0.3675692983181179,0.3089812395096352,0.4671153001317943,53.58008209727016,,,,,,,,,,,,,,True,pitching,16.0,2024.0,2.0,100.0,2.0,0.0,,,,,,0.1949910554561717,0.0805008944543828,130.0,26.0,25.0,7.546153846153846,3.1153846153846154,0.8307692307692308,3.8087179487179488,1.3233846153846154,True,savant_and_milb,100.0
2025,코엔윈,코엔 윈,Coen Wynne,LG,starter,pitcher,4,True,True,0,0,1,,23.0,-0.063602000948557,,7.04,0.0,1,0,0,False,False,,,,,,,,,,,,,,,,,,,,,,,,,,,,,,,,,,,,,,,,,,,,,,,,False,,,,,,,,,,,,,,,,,,,,,,,False,none,
2025,맷데이비슨,맷 데이비슨,Matthew Glen Davidson,NC,hitter,hitter,4,True,True,1,0,0,439.0,,2.7161195278167725,149.004638671875,,1.0,0,0,0,False,False,,,,,,,,,,,,,,,,,,,,,,,,,,,,,,,,,,,,,,,,,,,,,,,,False,,,,,,,,,,,,,,,,,,,,,,,False,none,
2025,라일리톰프슨,라일리 톰프슨,Riley Thompson,NC,starter,pitcher,4,True,True,1,1,0,,172.0,4.343910766323517,,3.45,1.0,0,0,0,False,False,,,,,,,,,,,,,,,,,,,,,,,,,,,,,,,,,,,,,,,,,,,,,,,,False,,,,,,,,,,,,,,,,,,,,,,,False,none,
2025,로건앨런,로건 앨런,Logan Allen,NC,starter,pitcher,4,True,True,1,0,0,,173.0,2.4118721721133385,,4.53,1.0,0,0,0,False,False,,,,,,,,,,,,,,,,,,,,,,,,,,,,,,,,,,,,,,,,,,,,,,,,False,,,,,,,,,,,,,,,,,,,,,,,False,none,
2025,기예르모에레디아,기예르모 에레디아,Guillermo Heredia Molina,SSG,hitter,hitter,4,True,True,1,1,0,415.0,,3.5403592586517334,140.99366760253906,,1.0,0,0,0,False,False,,,,,,,,,,,,,,,,,,,,,,,,,,,,,,,,,,,,,,,,,,,,,,,,False,,,,,,,,,,,,,,,,,,,,,,,False,none,
2025,라이언맥브룸,라이언 맥브룸,Ryan McBroom,SSG,hitter,hitter,4,True,True,0,0,1,80.0,,-0.1659993976354599,62.7510871887207,,0.0,1,0,0,False,False,,,,,,,,,,,,,,,,,,,,,,,,,,,,,,,,,,,,,,,,,,,,,,,,False,,,,,,,,,,,,,,,,,,,,,,,False,none,
2025,드류앤더슨,드류 앤더슨,Andrew James Anderson,SSG,starter,pitcher,4,True,True,1,1,0,,171.66666666666666,6.539894596237571,,2.25,0.0,0,0,0,False,False,,,,,,,,,,,,,,,,,,,,,,,,,,,,,,,,,,,,,,,,,,,,,,,,False,,,,,,,,,,,,,,,,,,,,,,,False,none,
2025,미치화이트,미치 화이트,Mitch White,SSG,starter,pitcher,4,True,True,1,0,0,,134.66666666666666,4.239912815042339,,2.87,0.0,0,0,0,True,True,exact_variant,1.0,"White, Mitch",669952.0,2022|2023|2024,3.0,2024.0,610.0,2389.0,48.0,19.0,10.0,5.0,1.0,0.0967213114754097,0.1704918032786884,0.0245901639344261,0.3576577164430169,0.361879513127296,0.5115827861310042,0.1747474048320433,0.296215803016419,0.4782776380646874,0.6013055411319636,0.093059021930891,0.3642559035653867,0.0653661995502629,0.5332156368221942,0.4039344262295082,0.3719775910364145,0.3683214678867886,0.3482660781841109,0.3925925925925925,59.99417984511294,,,,,,,,,,,,,,True,pitching,17.0,2024.0,3.0,100.0,2.0,0.0,,,,,,0.2660194174757281,0.1009708737864077,116.66666666666669,36.0,20.0,10.568571428571428,4.011428571428572,0.8485714285714285,4.631085714285714,1.4620571428571427,True,savant_and_milb,100.0
2025,제이크케이브,제이크 케이브,Jake Cave,두산,hitter,hitter,4,True,True,1,1,0,593.0,,4.302095413208008,125.38219451904295,,0.0,0,0,0,True,True,exact_variant,1.0,jake cave,595909.0,2022|2023|2024,3.0,2024.0,726.0,2875.0,,,,,,,0.2782369146005509,0.0234159779614324,,,,0.26928460757278,0.3188027816836505,,,,0.3800866683871745,0.0713820701533228,,,,,,,,0.0606060606060605,0.2964721591776402,0.7069016722842199,0.3513923156930891,0.3617230838210691,0.3569423380105289,0.5650788327500382,0.3798605893647215,0.3479577675554727,0.3973682329866651,0.3248990344791355,0.4149235182361129,46.14905837887163,True,hitting,15.0,2023.0,1.0,100.0,1.0,0.0,275.0,16.0,1.113,0.429,0.684,0.2036363636363636,0.1127272727272727,,,,,,,,,True,savant_and_milb,100.0
2025,잭로그,잭 로그,Zach Logue,두산,starter,pitcher,4,True,True,1,1,0,,176.0,5.337692292960082,,2.81,1.0,0,0,0,True,True,exact_variant,1.0,"Logue, Zach",656657.0,2022|2023|2024,3.0,2024.0,318.0,1238.0,19.0,10.0,7.0,5.0,1.0,0.0754716981132075,0.1761006289308175,0.0534591194968553,0.3969780490812676,0.4032783606455594,0.627344236387924,0.1802454950338954,0.2809994369630653,0.4925674144936709,0.5534591194968553,0.0822363560135292,0.4169295652089668,0.1171567500631925,0.5772686433063792,0.5772686433063792,0.3367094017094016,0.4436131493128348,0.4466358134567461,0.5,41.82624195335498,,,,,,,,,,,,,,True,pitching,13.0,2024.0,5.0,100.0,4.0,1.0,,,,,,0.2206375838926174,0.0830536912751677,281.3333333333333,76.0,47.0,8.41350710900474,3.167061611374408,1.151658767772512,3.904063981042654,1.2984478672985784,True,savant_and_milb,100.0
2025,콜어빈,콜 어빈,Cole Irvin,두산,starter,pitcher,4,True,True,1,0,0,,144.66666666666666,2.5697598777777695,,4.48,0.0,0,0,0,True,True,exact_variant,1.0,"Irvin, Cole",608344.0,2022|2023|2024,3.0,2024.0,1569.0,5669.0,83.0,58.0,46.0,20.0,4.0,0.0675589547482472,0.1746335245379221,0.034416826003824,0.3343227759332434,0.3966619616788548,0.5985619153410308,0.1754220641985634,0.2894964621400904,0.5353818559367055,0.6562574991678343,0.0686999099466747,0.3893500260706551,0.1086789216057228,0.7523570910529438,0.7453242785872839,0.3305111094788456,0.3414922173509749,0.324170536283347,0.3561550959897887,61.311197212328814,,,,,,,,,,,,,,True,pitching,7.0,2024.0,2.0,100.0,2.0,0.0,,,,,,0.1428571428571428,0.0612244897959183,56.0,11.0,11.0,5.625,2.4107142857142856,1.2857142857142858,4.340714285714286,1.3240476190476191,True,savant_and_milb,100.0
2025,빅터레예스,빅터 레예스,Víctor José Reyes,롯데,hitter,hitter,4,True,True,1,1,0,643.0,,3.2080609798431396,124.81194305419922,,1.0,0,0,0,True,True,exact_variant,1.0,víctor reyes,622682.0,2022,1.0,2022.0,336.0,1283.0,,,,,,,0.2232142857142857,0.0089285714285714,,,,0.2503477051460361,0.425253991291727,,,,0.3677685950413223,0.049586776859504,,,,,,,,0.0386904761904761,0.2930059523809524,0.7171717171717171,0.5380434782608695,0.2534435261707989,0.371900826446281,0.4793388429752066,0.4913793103448275,0.3446766523935129,0.4750507246376811,0.3427287362600188,0.5764603174603175,43.21882670010479,True,hitting,13.0,2023.0,1.0,100.0,1.0,0.0,546.0,20.0,0.792,0.33,0.462,0.2271062271062271,0.0659340659340659,,,,,,,,,True,savant_and_milb,100.0
2025,빈스벨라스케즈,빈스 벨라스케즈,Vincent John Velasquez,롯데,starter,pitcher,4,True,True,0,0,1,,35.0,-0.3078076128748702,,8.23,0.0,0,0,0,False,False,,,,,,,,,,,,,,,,,,,,,,,,,,,,,,,,,,,,,,,,,,,,,,,,False,,,,,,,,,,,,,,,,,,,,,,,False,none,
2025,알렉감보아,알렉 감보아,Alec Gamboa,롯데,starter,pitcher,4,True,True,1,0,0,,108.0,2.352581646594522,,3.58,0.0,0,0,0,True,False,exact_variant,1.0,"Gamboa, Alec",687941.0,,,,,,,,,,,,,,,,,,,,,,,,,,,,,,,,,,,,,,,,,,,,True,pitching,6.0,2024.0,3.0,100.0,2.0,1.0,,,,,,0.1978193146417445,0.1230529595015576,150.0,59.0,15.0,7.62,4.74,0.48,3.480911111111111,1.3457333333333334,True,milb_only,100.0
2025,찰리반즈,찰리 반즈,Charlie Barnes,롯데,starter,pitcher,4,True,True,0,0,1,,45.666666666666664,0.2966230547046589,,5.32,0.0,1,1,0,True,False,exact_variant,1.0,"Barnes, Charlie",656212.0,,,,,,,,,,,,,,,,,,,,,,,,,,,,,,,,,,,,,,,,,,,,True,pitching,7.0,2021.0,0.0,100.0,2.0,1.0,,,,,,0.1949413942011104,0.0869833436150524,373.6666666666667,77.0,75.0,7.611061552185548,3.3960749330954503,0.6262265834076717,3.708233719892952,1.3778322925958968,True,milb_only,100.0
2025,터커데이비드슨,터커 데이비드슨,Tucker Davidson,롯데,starter,pitcher,4,True,True,0,0,1,,123.33333333333331,3.3760758744067263,,3.65,0.0,1,0,1,True,True,exact_variant,1.0,"Davidson, Tucker",656353.0,2022|2023|2024,3.0,2024.0,498.0,1834.0,51.0,12.0,5.0,2.0,0.0,0.1244979919678714,0.1606425702811244,0.0261044176706827,0.3711189585929926,0.3590411458111537,0.5084223071383662,0.2180142391622173,0.2750607488486926,0.4890842456848428,0.5502008032128514,0.0842217718740896,0.3627879759441239,0.0597898739817774,0.4597600930035933,0.4041164658634538,0.2978344906720477,0.3633349489913678,0.315976915179515,0.4085929440891273,49.1471274134843,,,,,,,,,,,,,,True,pitching,8.0,2024.0,1.0,100.0,1.0,0.0,,,,,,0.2067594433399602,0.0914512922465208,115.66666666666669,32.0,17.0,8.09221902017291,3.579250720461095,1.3227665706051872,3.890000000000001,1.34,True,savant_and_milb,100.0
2025,르윈디아즈,르윈 디아즈,Lewin Díaz,삼성,hitter,hitter,4,True,True,1,1,0,628.0,,5.795892715454102,159.72494506835938,,1.0,0,0,0,True,True,exact_variant,1.0,lewin díaz,650331.0,2022,1.0,2022.0,174.0,732.0,,,,,,,0.3103448275862069,0.028735632183908,,,,0.2396449704142011,0.3350785340314136,,,,0.287037037037037,0.0555555555555555,,,,,,,,0.0632183908045977,0.232758620689655,0.6,0.3608247422680412,0.3703703703703703,0.3148148148148148,0.5648148148148148,0.5901639344262295,0.2411586099967052,0.4397054700854701,0.2395096825396825,0.3791428571428571,27.872834334200498,True,hitting,14.0,2023.0,1.0,100.0,1.0,0.0,483.0,17.0,0.8040000000000002,0.362,0.442,0.196687370600414,0.124223602484472,,,,,,,,,True,savant_and_milb,100.0
2025,데니레예스,데니 레예스,Denyi Reyes,삼성,starter,pitcher,4,True,True,0,0,1,,50.0,1.0570227893174051,,4.14,0.0,1,1,0,True,True,exact_variant,1.0,"Reyes, Denyi",660593.0,2022|2023,2.0,2023.0,121.0,481.0,12.0,4.0,1.0,1.0,1.0,0.0826446280991735,0.165289256198347,0.024793388429752,0.3539697279227412,0.3541846819163322,0.4983931960295596,0.2039377734564899,0.3415140582707043,0.4930675385220839,0.6033057851239669,0.0785275330729875,0.3925838471293016,0.0590318772136953,0.3333333333333333,0.1652892561983471,0.3678835020108719,0.4477887757063233,0.3501257635644987,0.2777777777777778,,,,,,,,,,,,,,,True,pitching,10.0,2023.0,1.0,100.0,1.0,0.0,,,,,,0.1786600496277915,0.0818858560794044,91.66666666666669,20.0,18.0,7.069090909090908,3.24,2.3563636363636364,5.79,1.42,True,savant_and_milb,100.0
2025,아리엘후라도,아리엘 후라도,Ariel Bolívar Jurado Agrazal,삼성,starter,pitcher,4,True,True,1,1,0,,197.33333333333337,7.5701771892763965,,2.6,1.0,0,0,0,False,False,,,,,,,,,,,,,,,,,,,,,,,,,,,,,,,,,,,,,,,,,,,,,,,,False,,,,,,,,,,,,,,,,,,,,,,,False,none,
2025,헤르손가라비토,헤르손 가라비토,Gerson Yeris Garabito,삼성,starter,pitcher,4,True,True,0,0,0,,78.33333333333333,2.5365510681354015,,2.64,0.0,0,0,0,True,True,exact_variant,1.0,"Garabito, Gerson",642520.0,2024,1.0,2024.0,115.0,492.0,18.0,2.0,1.0,0.0,0.0,0.1391304347826087,0.1913043478260869,0.0347826086956521,0.3402654867256637,0.4358018286354717,0.6577066666666667,0.1990950226244343,0.2801556420233463,0.4776422764227642,0.6,0.0813008130081299,0.3552631578947368,0.1184210526315789,0.1111111111111111,0.0,0.25,0.3294117647058823,0.2916666666666667,,,,,,,,,,,,,,,,True,pitching,12.0,2024.0,2.0,100.0,1.0,1.0,,,,,,0.2530612244897959,0.0571428571428571,59.666666666666664,14.0,11.0,9.35195530726257,2.111731843575419,0.905027932960894,3.32268156424581,1.0387150837988828,True,savant_and_milb,100.0
2025,루벤카디네스,루벤 카디네스,Ruben Cardenas,키움,hitter,hitter,4,True,True,0,0,1,361.0,,-0.2302426248788833,99.73535919189452,,0.0,0,0,0,False,False,,,,,,,,,,,,,,,,,,,,,,,,,,,,,,,,,,,,,,,,,,,,,,,,False,,,,,,,,,,,,,,,,,,,,,,,False,none,
2025,루벤카디네스,루벤 카디네스,Ruben Cardenas,키움,hitter,hitter,4,True,True,0,0,1,361.0,,-0.2302426248788833,99.73535919189452,,0.0,1,1,0,False,False,,,,,,,,,,,,,,,,,,,,,,,,,,,,,,,,,,,,,,,,,,,,,,,,False,,,,,,,,,,,,,,,,,,,,,,,False,none,
2025,스톤개랫,스톤 개랫,Stone Garrett,키움,hitter,hitter,4,True,True,0,0,1,93.0,,-0.6440398097038269,59.945350646972656,,0.0,1,0,0,True,True,exact_variant,1.0,stone garrett,656448.0,2022|2023|2024,3.0,2024.0,361.0,1382.0,,,,,,,0.3019390581717451,0.038781163434903,,,,0.3117134017169538,0.3381762272120595,,,,0.500015626109809,0.1020988706584273,,,,,,,,0.0831024930747922,0.3758033240997229,0.7570165405823921,0.3903298220811131,0.3961531251952596,0.3781305490446764,0.5864756019603664,0.5152304927570766,0.418122654519848,0.4574397862705608,0.4094307015304814,0.7182969708661221,71.95346379611848,True,hitting,13.0,2024.0,3.0,100.0,2.0,1.0,317.0,3.0,0.6886309148264985,0.3515835962145111,0.3370473186119874,0.2902208201892745,0.113564668769716,,,,,,,,,True,savant_and_milb,100.0
2025,야시엘푸이그,야시엘 푸이그,Yasiel Puig Valdés,키움,hitter,hitter,4,True,True,0,0,1,172.0,,-0.371216744184494,74.46866607666016,,0.0,1,1,0,False,False,,,,,,,,,,,,,,,,,,,,,,,,,,,,,,,,,,,,,,,,,,,,,,,,False,,,,,,,,,,,,,,,,,,,,,,,False,none,
2025,CC메르세데스,C.C 메르세데스,Cristopher Crisostomo Mercedes,키움,starter,pitcher,4,True,True,0,0,1,,46.333333333333336,0.6699942839373844,,4.47,0.0,0,0,0,False,False,,,,,,,,,,,,,,,,,,,,,,,,,,,,,,,,,,,,,,,,,,,,,,,,False,,,,,,,,,,,,,,,,,,,,,,,False,none,
2025,라울알칸타라,라울 알칸타라,Raul Alcántara,키움,starter,pitcher,4,True,True,1,0,0,,121.0,2.9998103546621526,,3.27,1.0,0,0,0,False,False,,,,,,,,,,,,,,,,,,,,,,,,,,,,,,,,,,,,,,,,,,,,,,,,False,,,,,,,,,,,,,,,,,,,,,,,False,none,
2025,라클란웰스,라클란 웰스,Lachlan Robert Wells,키움,starter,pitcher,4,True,True,1,0,1,,20.0,0.3820089305900641,,3.15,1.0,1,0,0,False,False,,,,,,,,,,,,,,,,,,,,,,,,,,,,,,,,,,,,,,,,,,,,,,,,False,,,,,,,,,,,,,,,,,,,,,,,False,none,
2025,케니로젠버그,케니 로젠버그,Kenny Rosenberg,키움,starter,pitcher,4,True,True,0,0,1,,75.33333333333333,1.790310005004133,,3.23,1.0,1,1,0,True,True,exact_variant,1.0,"Rosenberg, Kenny",670046.0,2022|2023|2024,3.0,2024.0,297.0,1143.0,17.0,5.0,7.0,3.0,0.0,0.0976430976430976,0.1818181818181817,0.0303030303030302,0.3470104008503741,0.3563077578483782,0.5274761430045394,0.2140394892482964,0.2565209053101545,0.4780127762565902,0.5952907762431572,0.1107421755859655,0.3351275642166682,0.0739915684747472,0.3134519801186467,0.5566778900112234,0.3831894563566118,0.3300681700289543,0.3539565933505327,0.3528687079784258,,,,,,,,,,,,,,,True,pitching,14.0,2024.0,2.0,100.0,2.0,0.0,,,,,,0.2411575562700964,0.090032154340836,215.33333333333337,41.0,41.0,9.404024767801856,3.510835913312693,1.630030959752322,4.553653250773993,1.397523219814241,True,savant_and_milb,100.0
2025,루이스리베라토,루이스 리베라토,Luis David Liberato,한화,hitter,hitter,4,True,True,0,0,0,273.0,,1.9966312646865845,143.11322021484375,,0.0,0,0,0,True,True,exact_variant,1.0,luis liberato,642451.0,2022,1.0,2022.0,5.0,15.0,,,,,,,0.6,0.0,,,,0.25,0.2857142857142857,,,,0.5,0.0,,,,,,,,0.0,0.0,0.75,0.0,1.0,0.0,1.0,0.5,0.039,0.006,,,,True,hitting,16.0,2024.0,3.0,100.0,2.0,0.0,573.0,13.0,0.7642164048865618,0.344893542757417,0.4193228621291448,0.2408376963350785,0.1134380453752181,,,,,,,,,True,savant_and_milb,100.0
2025,에스테반플로리알,에스테반 플로리알,Estevan Florial,한화,hitter,hitter,4,True,True,0,0,1,285.0,,1.7797154188156128,111.50299835205078,,0.0,1,1,0,True,True,exact_variant,1.0,estevan florial,664314.0,2022|2023|2024,3.0,2024.0,217.0,886.0,,,,,,,0.3410138248847925,0.0138248847926267,,,,0.3938180696055819,0.235016090186826,,,,0.3655296007910023,0.0696667246802317,,,,,,,,0.096774193548387,0.2716003351487222,0.757910763802798,0.2620685183300626,0.4613542763460321,0.3456914838608784,0.43975795731715,0.4419545407297044,0.3687424176699063,0.2096423085363177,0.3737435993642275,0.4256469002695418,75.68015171921526,True,hitting,16.0,2024.0,2.0,100.0,2.0,0.0,713.0,37.0,0.8627082748948105,0.3605610098176718,0.5021472650771388,0.302945301542777,0.1346423562412342,,,,,,,,,True,savant_and_milb,100.0
2025,라이언와이스,라이언 와이스,Ryan Weiss,한화,starter,pitcher,4,True,True,1,1,0,,178.66666666666666,5.953277450318902,,2.87,0.0,0,0,0,True,False,exact_variant,1.0,"Weiss, Ryan",680802.0,,,,,,,,,,,,,,,,,,,,,,,,,,,,,,,,,,,,,,,,,,,,True,pitching,10.0,2023.0,1.0,100.0,1.0,0.0,,,,,,0.2027027027027027,0.1891891891891892,14.0,12.0,0.0,9.642857142857142,9.0,1.9285714285714288,7.07,2.0,True,milb_only,100.0
2025,코디폰세,코디 폰세,Cody Ponce,한화,starter,pitcher,4,True,True,1,1,0,,180.66666666666663,8.38105726823523,,1.89,0.0,0,0,0,True,False,exact_variant,1.0,"Ponce, Cody",664074.0,,,,,,,,,,,,,,,,,,,,,,,,,,,,,,,,,,,,,,,,,,,,True,pitching,11.0,2021.0,0.0,100.0,2.0,5.0,,,,,,0.2178262846748522,0.0641200545702592,520.3333333333334,164.0,76.0,8.285073670723895,2.438821268417681,0.8129404228058936,3.910256245996156,1.2378667520819988,True,milb_only,100.0
