s_no,game_dt,opponent_name,home_away,team_score,opp_score,win,run_diff,month,humidity_bucket,temp_bucket,weather_name,of_all_games,of_all_players,of_all_pa,of_all_ab,of_all_h,of_all_doubles,of_all_triples,of_all_hr,of_all_bb,of_all_hbp,of_all_sf,of_all_so,of_all_gdp,of_all_tb,of_all_r,of_all_rbi,of_all_sb,of_all_avg,of_all_obp,of_all_slg,of_all_ops,of_all_iso,of_all_bb_pct,of_all_k_pct,of_all_rbi_per_pa,of_all_hr_per_pa,of_high_games,of_high_players,of_high_pa,of_high_ab,of_high_h,of_high_doubles,of_high_triples,of_high_hr,of_high_bb,of_high_hbp,of_high_sf,of_high_so,of_high_gdp,of_high_tb,of_high_r,of_high_rbi,of_high_sb,of_high_avg,of_high_obp,of_high_slg,of_high_ops,of_high_iso,of_high_bb_pct,of_high_k_pct,of_high_rbi_per_pa,of_high_hr_per_pa,of_top_games,of_top_players,of_top_pa,of_top_ab,of_top_h,of_top_doubles,of_top_triples,of_top_hr,of_top_bb,of_top_hbp,of_top_sf,of_top_so,of_top_gdp,of_top_tb,of_top_r,of_top_rbi,of_top_sb,of_top_avg,of_top_obp,of_top_slg,of_top_ops,of_top_iso,of_top_bb_pct,of_top_k_pct,of_top_rbi_per_pa,of_top_hr_per_pa,of_middle_games,of_middle_players,of_middle_pa,of_middle_ab,of_middle_h,of_middle_doubles,of_middle_triples,of_middle_hr,of_middle_bb,of_middle_hbp,of_middle_sf,of_middle_so,of_middle_gdp,of_middle_tb,of_middle_r,of_middle_rbi,of_middle_sb,of_middle_avg,of_middle_obp,of_middle_slg,of_middle_ops,of_middle_iso,of_middle_bb_pct,of_middle_k_pct,of_middle_rbi_per_pa,of_middle_hr_per_pa,of_lower_games,of_lower_players,of_lower_pa,of_lower_ab,of_lower_h,of_lower_doubles,of_lower_triples,of_lower_hr,of_lower_bb,of_lower_hbp,of_lower_sf,of_lower_so,of_lower_gdp,of_lower_tb,of_lower_r,of_lower_rbi,of_lower_sb,of_lower_avg,of_lower_obp,of_lower_slg,of_lower_ops,of_lower_iso,of_lower_bb_pct,of_lower_k_pct,of_lower_rbi_per_pa,of_lower_hr_per_pa,dh_games,dh_players,dh_pa,dh_ab,dh_h,dh_doubles,dh_triples,dh_hr,dh_bb,dh_hbp,dh_sf,dh_so,dh_gdp,dh_tb,dh_r,dh_rbi,dh_sb,dh_avg,dh_obp,dh_slg,dh_ops,dh_iso,dh_bb_pct,dh_k_pct,dh_rbi_per_pa,dh_hr_per_pa,ifc_games,ifc_players,ifc_pa,ifc_ab,ifc_h,ifc_doubles,ifc_triples,ifc_hr,ifc_bb,ifc_hbp,ifc_sf,ifc_so,ifc_gdp,ifc_tb,ifc_r,ifc_rbi,ifc_sb,ifc_avg,ifc_obp,ifc_slg,ifc_ops,ifc_iso,ifc_bb_pct,ifc_k_pct,ifc_rbi_per_pa,ifc_hr_per_pa,replacement_slot_games,replacement_slot_players,replacement_slot_pa,replacement_slot_ab,replacement_slot_h,replacement_slot_doubles,replacement_slot_triples,replacement_slot_hr,replacement_slot_bb,replacement_slot_hbp,replacement_slot_sf,replacement_slot_so,replacement_slot_gdp,replacement_slot_tb,replacement_slot_r,replacement_slot_rbi,replacement_slot_sb,replacement_slot_avg,replacement_slot_obp,replacement_slot_slg,replacement_slot_ops,replacement_slot_iso,replacement_slot_bb_pct,replacement_slot_k_pct,replacement_slot_rbi_per_pa,replacement_slot_hr_per_pa,s_no_filled,starter_outs,starter_er,starter_r,starter_h,starter_hr,starter_bb,starter_tbf,starter_np,starter_ip,starter_short_lt5,starter_quality_6ip_3er,starter_disaster,bullpen_outs,bullpen_er,bullpen_r,bullpen_h,bullpen_hr,bullpen_bb,bullpen_tbf,bullpen_ip,bullpen_ip_after_start,team_margin,starter_er4plus,bullpen_ip_ge5,bullpen_er3plus,bullpen_bb4plus,of_rbi_zero,of_rbi_lt3,of_hr_zero,of_high_rbi_zero,of_high_obp_le_250,of_top_obp_le_250,replacement_slot_rbi_lt3,replacement_slot_k_ge5,team_runs_le3,opp_runs_ge6,away_game,humid_60plus
20260002,2026-03-28 14:00:00,KIA,home,7.0,6.0,1,1.0,3,normal_40_60,cool_15_20,맑음,1,4,14.0,13,4,0,0,0,1,0,0,2,0.0,4,2,4.0,1.0,0.3076923076923077,0.35714285714285715,0.3076923076923077,0.6648351648351649,0.0,0.07142857142857142,0.14285714285714285,0.2857142857142857,0.0,1,1,5.0,5,1,0,0,0,0,0,0,1,0.0,1,0,1.0,0.0,0.2,0.2,0.2,0.4,0.0,0.0,0.2,0.2,0.0,1.0,1.0,5.0,5.0,1.0,0.0,0.0,0.0,0.0,0.0,0.0,1.0,0.0,1.0,0.0,1.0,0.0,0.2,0.2,0.2,0.4,0.0,0.0,0.2,0.2,0.0,,,,,,,,,,,,,,,,,,,,,,,,,,,1.0,3.0,9.0,8.0,3.0,0.0,0.0,0.0,1.0,0.0,0.0,1.0,0.0,3.0,2.0,3.0,1.0,0.375,0.4444444444444444,0.375,0.8194444444444444,0.0,0.1111111111111111,0.1111111111111111,0.3333333333333333,0.0,1.0,1.0,4.0,3.0,0.0,0.0,0.0,0.0,1.0,0.0,0.0,2.0,0.0,0.0,1.0,0.0,0.0,0.0,0.25,0.0,0.25,0.0,0.25,0.5,0.0,0.0,1,6,21.0,17,4,1,0,0,3,1,0,4,0.0,5,4,1.0,0.0,0.23529411764705882,0.38095238095238093,0.29411764705882354,0.6750700280112045,0.05882352941176472,0.14285714285714285,0.19047619047619047,0.047619047619047616,0.0,1,5,18.0,16,4,0,0,0,2,0,0,4,0.0,4,3,4.0,1.0,0.25,0.3333333333333333,0.25,0.5833333333333333,0.0,0.1111111111111111,0.2222222222222222,0.2222222222222222,0.0,20260002.0,12.0,5.0,5,9,0,2,23.0,91,4.0,True,False,True,15.0,1.0,1,3,0,2,20.0,5.0,5.0,1.0,True,True,False,False,False,False,True,False,True,True,False,False,False,True,False,False
20260007,2026-03-29 14:00:00,KIA,home,11.0,6.0,1,5.0,3,dry_<=40,cool_15_20,맑음,1,3,13.0,10,2,0,0,1,3,0,0,3,0.0,5,3,3.0,1.0,0.2,0.38461538461538464,0.5,0.8846153846153846,0.3,0.23076923076923078,0.23076923076923078,0.23076923076923078,0.07692307692307693,1,1,5.0,4,1,0,0,1,1,0,0,2,0.0,4,1,3.0,0.0,0.25,0.4,1.0,1.4,0.75,0.2,0.4,0.6,0.2,1.0,1.0,5.0,4.0,1.0,0.0,0.0,1.0,1.0,0.0,0.0,2.0,0.0,4.0,1.0,3.0,0.0,0.25,0.4,1.0,1.4,0.75,0.2,0.4,0.6,0.2,,,,,,,,,,,,,,,,,,,,,,,,,,,1.0,2.0,8.0,6.0,1.0,0.0,0.0,0.0,2.0,0.0,0.0,1.0,0.0,1.0,2.0,0.0,1.0,0.16666666666666666,0.375,0.16666666666666666,0.5416666666666666,0.0,0.25,0.125,0.0,0.0,1.0,1.0,5.0,5.0,0.0,0.0,0.0,0.0,0.0,0.0,0.0,3.0,0.0,0.0,0.0,0.0,0.0,0.0,0.0,0.0,0.0,0.0,0.0,0.6,0.0,0.0,1,6,22.0,16,6,3,0,2,5,0,1,1,0.0,15,8,8.0,0.0,0.375,0.5,0.9375,1.4375,0.5625,0.22727272727272727,0.045454545454545456,0.36363636363636365,0.09090909090909091,1,4,18.0,15,2,0,0,1,3,0,0,6,0.0,5,3,3.0,1.0,0.13333333333333333,0.2777777777777778,0.3333333333333333,0.6111111111111112,0.19999999999999998,0.16666666666666666,0.3333333333333333,0.16666666666666666,0.05555555555555555,20260007.0,15.0,2.0,2,5,0,3,22.0,95,5.0,False,False,False,12.0,4.0,4,3,2,5,18.0,4.0,4.0,5.0,False,False,True,True,False,False,False,False,False,False,False,True,False,True,False,False
20260012,2026-03-31 18:30:00,키움,home,9.0,3.0,1,6.0,3,normal_40_60,cool_15_20,흐림,1,5,13.0,12,4,1,0,1,1,0,0,2,0.0,8,4,1.0,1.0,0.3333333333333333,0.38461538461538464,0.6666666666666666,1.0512820512820513,0.3333333333333333,0.07692307692307693,0.15384615384615385,0.07692307692307693,0.07692307692307693,1,2,5.0,5,2,0,0,1,0,0,0,1,0.0,5,3,1.0,0.0,0.4,0.4,1.0,1.4,0.6,0.0,0.2,0.2,0.2,1.0,2.0,5.0,5.0,2.0,0.0,0.0,1.0,0.0,0.0,0.0,1.0,0.0,5.0,3.0,1.0,0.0,0.4,0.4,1.0,1.4,0.6,0.0,0.2,0.2,0.2,,,,,,,,,,,,,,,,,,,,,,,,,,,1.0,3.0,8.0,7.0,2.0,1.0,0.0,0.0,1.0,0.0,0.0,1.0,0.0,3.0,1.0,0.0,1.0,0.2857142857142857,0.375,0.42857142857142855,0.8035714285714286,0.14285714285714285,0.125,0.125,0.0,0.0,1.0,1.0,5.0,4.0,1.0,0.0,0.0,1.0,0.0,0.0,1.0,0.0,1.0,4.0,1.0,4.0,0.0,0.25,0.2,1.0,1.2,0.75,0.0,0.0,0.8,0.2,1,9,23.0,19,7,2,0,0,4,0,0,3,0.0,9,4,2.0,0.0,0.3684210526315789,0.4782608695652174,0.47368421052631576,0.9519450800915332,0.10526315789473684,0.17391304347826086,0.13043478260869565,0.08695652173913043,0.0,1,6,18.0,16,5,1,0,2,1,0,1,2,1.0,12,5,5.0,1.0,0.3125,0.3333333333333333,0.75,1.0833333333333333,0.4375,0.05555555555555555,0.1111111111111111,0.2777777777777778,0.1111111111111111,20260012.0,16.0,2.0,2,6,0,1,23.0,86,5.333333333333333,False,False,False,11.0,0.0,1,3,0,1,15.0,3.6666666666666665,3.6666666666666665,6.0,False,False,False,False,False,True,False,False,False,False,False,False,False,False,False,False
20260017,2026-04-01 18:30:00,키움,home,2.0,11.0,0,-9.0,4,normal_40_60,cold_<=15,맑음,1,3,11.0,10,1,0,0,0,1,0,0,2,1.0,1,0,0.0,0.0,0.1,0.18181818181818182,0.1,0.28181818181818186,0.0,0.09090909090909091,0.18181818181818182,0.0,0.0,1,1,4.0,4,1,0,0,0,0,0,0,0,0.0,1,0,0.0,0.0,0.25,0.25,0.25,0.5,0.0,0.0,0.0,0.0,0.0,1.0,1.0,4.0,4.0,1.0,0.0,0.0,0.0,0.0,0.0,0.0,0.0,0.0,1.0,0.0,0.0,0.0,0.25,0.25,0.25,0.5,0.0,0.0,0.0,0.0,0.0,,,,,,,,,,,,,,,,,,,,,,,,,,,1.0,2.0,7.0,6.0,0.0,0.0,0.0,0.0,1.0,0.0,0.0,2.0,1.0,0.0,0.0,0.0,0.0,0.0,0.14285714285714285,0.0,0.14285714285714285,0.0,0.14285714285714285,0.2857142857142857,0.0,0.0,1.0,1.0,4.0,2.0,0.0,0.0,0.0,0.0,2.0,0.0,0.0,0.0,0.0,0.0,1.0,0.0,0.0,0.0,0.5,0.0,0.5,0.0,0.5,0.0,0.0,0.0,1,5,18.0,17,5,1,0,0,1,0,0,3,0.0,6,0,0.0,0.0,0.29411764705882354,0.3333333333333333,0.35294117647058826,0.6862745098039216,0.05882352941176472,0.05555555555555555,0.16666666666666666,0.0,0.0,1,4,15.0,12,1,0,0,0,3,0,0,2,1.0,1,1,0.0,0.0,0.08333333333333333,0.26666666666666666,0.08333333333333333,0.35,0.0,0.2,0.13333333333333333,0.0,0.0,20260017.0,14.0,5.0,5,9,0,1,24.0,90,4.666666666666667,True,False,True,13.0,4.0,6,6,0,4,25.0,4.333333333333333,4.333333333333333,-9.0,True,False,True,True,True,True,True,True,True,True,True,False,True,True,False,False
20260022,2026-04-02 18:30:00,키움,home,11.0,1.0,1,10.0,4,dry_<=40,cold_<=15,맑음,1,6,14.0,14,5,0,0,1,0,0,0,3,0.0,8,2,5.0,0.0,0.35714285714285715,0.35714285714285715,0.5714285714285714,0.9285714285714286,0.21428571428571425,0.0,0.21428571428571427,0.35714285714285715,0.07142857142857142,1,3,6.0,6,3,0,0,0,0,0,0,2,0.0,3,0,3.0,0.0,0.5,0.5,0.5,1.0,0.0,0.0,0.3333333333333333,0.5,0.0,1.0,3.0,6.0,6.0,3.0,0.0,0.0,0.0,0.0,0.0,0.0,2.0,0.0,3.0,0.0,3.0,0.0,0.5,0.5,0.5,1.0,0.0,0.0,0.3333333333333333,0.5,0.0,,,,,,,,,,,,,,,,,,,,,,,,,,,1.0,3.0,8.0,8.0,2.0,0.0,0.0,1.0,0.0,0.0,0.0,1.0,0.0,5.0,2.0,2.0,0.0,0.25,0.25,0.625,0.875,0.375,0.0,0.125,0.25,0.125,1.0,1.0,4.0,4.0,0.0,0.0,0.0,0.0,0.0,0.0,0.0,0.0,1.0,0.0,0.0,0.0,0.0,0.0,0.0,0.0,0.0,0.0,0.0,0.0,0.0,0.0,1,7,21.0,16,7,2,0,1,4,0,0,1,0.0,12,9,6.0,1.0,0.4375,0.55,0.75,1.3,0.3125,0.19047619047619047,0.047619047619047616,0.2857142857142857,0.047619047619047616,1,7,18.0,18,5,0,0,1,0,0,0,3,1.0,8,2,5.0,0.0,0.2777777777777778,0.2777777777777778,0.4444444444444444,0.7222222222222222,0.16666666666666663,0.0,0.16666666666666666,0.2777777777777778,0.05555555555555555,20260022.0,15.0,0.0,0,1,0,3,18.0,81,5.0,False,False,False,12.0,1.0,1,6,0,1,19.0,4.0,4.0,10.0,False,False,False,False,False,False,False,False,False,False,False,False,False,False,False,False
20260030,2026-04-03 18:30:00,롯데,away,17.0,2.0,1,15.0,4,normal_40_60,cool_15_20,흐림,1,6,19.0,14,6,2,0,2,4,0,1,1,2.0,14,9,7.0,0.0,0.42857142857142855,0.5263157894736842,1.0,1.526315789473684,0.5714285714285714,0.21052631578947367,0.05263157894736842,0.3684210526315789,0.10526315789473684,1,2,7.0,6,2,0,0,1,0,0,1,0,1.0,5,1,3.0,0.0,0.3333333333333333,0.2857142857142857,0.8333333333333334,1.119047619047619,0.5,0.0,0.0,0.42857142857142855,0.14285714285714285,1.0,2.0,7.0,6.0,2.0,0.0,0.0,1.0,0.0,0.0,1.0,0.0,1.0,5.0,1.0,3.0,0.0,0.3333333333333333,0.2857142857142857,0.8333333333333334,1.119047619047619,0.5,0.0,0.0,0.42857142857142855,0.14285714285714285,,,,,,,,,,,,,,,,,,,,,,,,,,,1.0,4.0,12.0,8.0,4.0,2.0,0.0,1.0,4.0,0.0,0.0,1.0,1.0,9.0,8.0,4.0,0.0,0.5,0.6666666666666666,1.125,1.7916666666666665,0.625,0.3333333333333333,0.08333333333333333,0.3333333333333333,0.08333333333333333,1.0,1.0,6.0,5.0,0.0,0.0,0.0,0.0,1.0,0.0,0.0,0.0,0.0,0.0,1.0,0.0,0.0,0.0,0.16666666666666666,0.0,0.16666666666666666,0.0,0.16666666666666666,0.0,0.0,0.0,1,7,31.0,23,12,5,0,1,7,1,0,2,0.0,20,7,9.0,1.0,0.5217391304347826,0.6451612903225806,0.8695652173913043,1.514726507713885,0.34782608695652173,0.22580645161290322,0.06451612903225806,0.2903225806451613,0.03225806451612903,1,7,25.0,19,6,2,0,2,5,0,1,1,2.0,14,10,7.0,0.0,0.3157894736842105,0.44,0.7368421052631579,1.176842105263158,0.42105263157894735,0.2,0.04,0.28,0.08,20260030.0,21.0,2.0,2,6,0,4,30.0,101,7.0,False,True,False,6.0,0.0,0,1,0,1,8.0,2.0,2.0,15.0,False,False,False,False,False,False,False,False,False,False,False,False,False,False,True,False
20260035,2026-04-04 17:00:00,롯데,away,7.0,6.0,1,1.0,4,humid_60+,cool_15_20,흐림,1,5,15.0,13,5,1,0,0,2,0,0,2,0.0,6,2,4.0,0.0,0.38461538461538464,0.4666666666666667,0.46153846153846156,0.9282051282051282,0.07692307692307693,0.13333333333333333,0.13333333333333333,0.26666666666666666,0.0,1,1,5.0,5,2,1,0,0,0,0,0,1,0.0,3,1,1.0,0.0,0.4,0.4,0.6,1.0,0.19999999999999996,0.0,0.2,0.2,0.0,1.0,1.0,5.0,5.0,2.0,1.0,0.0,0.0,0.0,0.0,0.0,1.0,0.0,3.0,1.0,1.0,0.0,0.4,0.4,0.6,1.0,0.19999999999999996,0.0,0.2,0.2,0.0,,,,,,,,,,,,,,,,,,,,,,,,,,,1.0,4.0,10.0,8.0,3.0,0.0,0.0,0.0,2.0,0.0,0.0,1.0,0.0,3.0,1.0,3.0,0.0,0.375,0.5,0.375,0.875,0.0,0.2,0.1,0.3,0.0,1.0,1.0,5.0,5.0,2.0,0.0,0.0,0.0,0.0,0.0,0.0,1.0,0.0,2.0,1.0,1.0,0.0,0.4,0.4,0.4,0.8,0.0,0.0,0.2,0.2,0.0,1,6,26.0,22,7,2,0,0,3,0,0,5,0.0,9,4,2.0,1.0,0.3181818181818182,0.4,0.4090909090909091,0.8090909090909091,0.09090909090909094,0.11538461538461539,0.19230769230769232,0.07692307692307693,0.0,1,6,20.0,18,7,1,0,0,2,0,0,3,0.0,8,3,5.0,0.0,0.3888888888888889,0.45,0.4444444444444444,0.8944444444444444,0.055555555555555525,0.1,0.15,0.25,0.0,20260035.0,4.0,4.0,4,3,1,3,9.0,38,1.3333333333333333,True,False,True,23.0,2.0,2,4,1,6,33.0,7.666666666666667,7.666666666666667,1.0,True,True,False,True,False,False,True,False,False,False,False,False,False,True,True,True
20260040,2026-04-05 14:00:00,롯데,away,4.0,3.0,1,1.0,4,normal_40_60,cool_15_20,맑음,1,4,15.0,13,2,0,0,0,1,1,0,5,0.0,2,2,1.0,0.0,0.15384615384615385,0.26666666666666666,0.15384615384615385,0.4205128205128205,0.0,0.06666666666666667,0.3333333333333333,0.06666666666666667,0.0,1,1,5.0,5,0,0,0,0,0,0,0,2,0.0,0,0,0.0,0.0,0.0,0.0,0.0,0.0,0.0,0.0,0.4,0.0,0.0,1.0,1.0,5.0,5.0,0.0,0.0,0.0,0.0,0.0,0.0,0.0,2.0,0.0,0.0,0.0,0.0,0.0,0.0,0.0,0.0,0.0,0.0,0.0,0.4,0.0,0.0,,,,,,,,,,,,,,,,,,,,,,,,,,,1.0,3.0,10.0,8.0,2.0,0.0,0.0,0.0,1.0,1.0,0.0,3.0,0.0,2.0,2.0,1.0,0.0,0.25,0.4,0.25,0.65,0.0,0.1,0.3,0.1,0.0,1.0,2.0,5.0,4.0,0.0,0.0,0.0,0.0,1.0,0.0,0.0,1.0,0.0,0.0,0.0,0.0,0.0,0.0,0.2,0.0,0.2,0.0,0.2,0.2,0.0,0.0,1,7,22.0,14,5,1,0,0,7,1,0,0,0.0,6,2,3.0,1.0,0.35714285714285715,0.5909090909090909,0.42857142857142855,1.0194805194805194,0.0714285714285714,0.3181818181818182,0.0,0.13636363636363635,0.0,1,6,20.0,17,2,0,0,0,2,1,0,6,0.0,2,2,1.0,0.0,0.11764705882352941,0.25,0.11764705882352941,0.36764705882352944,0.0,0.1,0.3,0.05,0.0,20260040.0,15.0,3.0,3,8,1,2,24.0,90,5.0,False,False,False,12.0,0.0,0,2,0,1,15.0,4.0,4.0,1.0,False,False,False,False,False,True,True,True,True,True,True,True,False,False,True,False
20260042,2026-04-07 18:30:00,한화,home,2.0,6.0,0,-4.0,4,normal_40_60,cold_<=15,맑음,1,3,11.0,10,1,0,0,0,1,0,0,5,0.0,1,0,0.0,0.0,0.1,0.18181818181818182,0.1,0.28181818181818186,0.0,0.09090909090909091,0.45454545454545453,0.0,0.0,1,1,4.0,4,1,0,0,0,0,0,0,2,0.0,1,0,0.0,0.0,0.25,0.25,0.25,0.5,0.0,0.0,0.5,0.0,0.0,1.0,1.0,4.0,4.0,1.0,0.0,0.0,0.0,0.0,0.0,0.0,2.0,0.0,1.0,0.0,0.0,0.0,0.25,0.25,0.25,0.5,0.0,0.0,0.5,0.0,0.0,,,,,,,,,,,,,,,,,,,,,,,,,,,1.0,2.0,7.0,6.0,0.0,0.0,0.0,0.0,1.0,0.0,0.0,3.0,0.0,0.0,0.0,0.0,0.0,0.0,0.14285714285714285,0.0,0.14285714285714285,0.0,0.14285714285714285,0.42857142857142855,0.0,0.0,1.0,1.0,4.0,2.0,0.0,0.0,0.0,0.0,2.0,0.0,0.0,1.0,0.0,0.0,0.0,0.0,0.0,0.0,0.5,0.0,0.5,0.0,0.5,0.25,0.0,0.0,1,5,18.0,17,3,2,0,1,1,0,0,8,0.0,8,2,2.0,0.0,0.17647058823529413,0.2222222222222222,0.47058823529411764,0.6928104575163399,0.2941176470588235,0.05555555555555555,0.4444444444444444,0.1111111111111111,0.05555555555555555,1,4,15.0,12,1,0,0,0,3,0,0,6,0.0,1,0,0.0,0.0,0.08333333333333333,0.26666666666666666,0.08333333333333333,0.35,0.0,0.2,0.4,0.0,0.0,20260042.0,9.0,4.0,4,4,0,4,17.0,71,3.0,True,False,True,18.0,2.0,2,4,0,3,26.0,6.0,6.0,-4.0,True,True,False,False,True,True,True,True,True,True,True,True,True,True,False,False
20260047,2026-04-08 18:30:00,한화,home,3.0,4.0,0,-1.0,4,dry_<=40,cold_<=15,맑음,1,4,13.0,11,4,1,0,1,1,1,0,2,1.0,8,2,1.0,0.0,0.36363636363636365,0.46153846153846156,0.7272727272727273,1.1888111888111887,0.36363636363636365,0.07692307692307693,0.15384615384615385,0.07692307692307693,0.07692307692307693,1,2,5.0,5,2,0,0,1,0,0,0,0,0.0,5,2,1.0,0.0,0.4,0.4,1.0,1.4,0.6,0.0,0.0,0.2,0.2,1.0,1.0,5.0,5.0,2.0,0.0,0.0,1.0,0.0,0.0,0.0,0.0,0.0,5.0,2.0,1.0,0.0,0.4,0.4,1.0,1.4,0.6,0.0,0.0,0.2,0.2,1.0,1.0,0.0,0.0,0.0,0.0,0.0,0.0,0.0,0.0,0.0,0.0,0.0,0.0,0.0,0.0,0.0,,,,,,,,,,1.0,2.0,8.0,6.0,2.0,1.0,0.0,0.0,1.0,1.0,0.0,2.0,1.0,3.0,0.0,0.0,0.0,0.3333333333333333,0.5,0.5,1.0,0.16666666666666669,0.125,0.25,0.0,0.0,1.0,1.0,5.0,3.0,0.0,0.0,0.0,0.0,2.0,0.0,0.0,2.0,0.0,0.0,0.0,0.0,0.0,0.0,0.4,0.0,0.4,0.0,0.4,0.4,0.0,0.0,1,7,22.0,20,5,2,1,0,2,0,0,5,0.0,9,1,2.0,0.0,0.25,0.3181818181818182,0.45,0.7681818181818182,0.2,0.09090909090909091,0.22727272727272727,0.09090909090909091,0.0,1,5,18.0,14,4,1,0,1,3,1,0,4,1.0,8,2,1.0,0.0,0.2857142857142857,0.4444444444444444,0.5714285714285714,1.0158730158730158,0.2857142857142857,0.16666666666666666,0.2222222222222222,0.05555555555555555,0.05555555555555555,20260047.0,13.0,0.0,4,4,1,3,20.0,75,4.333333333333333,True,False,False,14.0,0.0,0,1,0,0,15.0,4.666666666666667,4.666666666666667,-1.0,False,False,False,False,False,True,False,False,False,False,True,False,True,False,False,False
20260056,2026-04-10 18:30:00,LG,away,2.0,10.0,0,-8.0,4,humid_60+,cold_<=15,흐림,1,5,13.0,12,3,0,0,0,0,0,0,2,1.0,3,0,0.0,0.0,0.25,0.25,0.25,0.5,0.0,0.0,0.15384615384615385,0.0,0.0,1,2,5.0,5,1,0,0,0,0,0,0,1,1.0,1,0,0.0,0.0,0.2,0.2,0.2,0.4,0.0,0.0,0.2,0.0,0.0,1.0,2.0,5.0,5.0,1.0,0.0,0.0,0.0,0.0,0.0,0.0,1.0,1.0,1.0,0.0,0.0,0.0,0.2,0.2,0.2,0.4,0.0,0.0,0.2,0.0,0.0,,,,,,,,,,,,,,,,,,,,,,,,,,,1.0,3.0,8.0,7.0,2.0,0.0,0.0,0.0,0.0,0.0,0.0,1.0,0.0,2.0,0.0,0.0,0.0,0.2857142857142857,0.2857142857142857,0.2857142857142857,0.5714285714285714,0.0,0.0,0.125,0.0,0.0,1.0,1.0,4.0,2.0,1.0,0.0,0.0,0.0,2.0,0.0,0.0,1.0,0.0,1.0,0.0,1.0,0.0,0.5,0.75,0.5,1.25,0.0,0.5,0.25,0.25,0.0,1,9,22.0,20,4,1,0,0,2,0,0,4,0.0,5,2,0.0,0.0,0.2,0.2727272727272727,0.25,0.5227272727272727,0.04999999999999999,0.09090909090909091,0.18181818181818182,0.0,0.0,1,6,17.0,14,4,0,0,0,2,0,0,3,1.0,4,0,1.0,0.0,0.2857142857142857,0.375,0.2857142857142857,0.6607142857142857,0.0,0.11764705882352941,0.17647058823529413,0.058823529411764705,0.0,20260056.0,11.0,5.0,5,8,1,3,23.0,96,3.6666666666666665,True,False,True,13.0,4.0,5,2,0,4,21.0,4.333333333333333,4.333333333333333,-8.0,True,False,True,True,True,True,True,True,True,True,True,False,True,True,True,True
20260061,2026-04-11 17:00:00,LG,away,3.0,4.0,0,-1.0,4,normal_40_60,cool_15_20,흐림,1,4,14.0,12,2,0,0,0,2,0,0,5,0.0,2,0,0.0,0.0,0.16666666666666666,0.2857142857142857,0.16666666666666666,0.45238095238095233,0.0,0.14285714285714285,0.35714285714285715,0.0,0.0,1,2,10.0,10,2,0,0,0,0,0,0,4,0.0,2,0,0.0,0.0,0.2,0.2,0.2,0.4,0.0,0.0,0.4,0.0,0.0,1.0,1.0,5.0,5.0,0.0,0.0,0.0,0.0,0.0,0.0,0.0,2.0,0.0,0.0,0.0,0.0,0.0,0.0,0.0,0.0,0.0,0.0,0.0,0.4,0.0,0.0,1.0,1.0,5.0,5.0,2.0,0.0,0.0,0.0,0.0,0.0,0.0,2.0,0.0,2.0,0.0,0.0,0.0,0.4,0.4,0.4,0.8,0.0,0.0,0.4,0.0,0.0,1.0,2.0,4.0,2.0,0.0,0.0,0.0,0.0,2.0,0.0,0.0,1.0,0.0,0.0,0.0,0.0,0.0,0.0,0.5,0.0,0.5,0.0,0.5,0.25,0.0,0.0,1.0,1.0,5.0,5.0,2.0,0.0,0.0,1.0,0.0,0.0,0.0,0.0,0.0,5.0,1.0,1.0,0.0,0.4,0.4,1.0,1.4,0.6,0.0,0.0,0.2,0.2,1,6,22.0,22,9,2,0,0,0,0,0,3,1.0,11,2,2.0,1.0,0.4090909090909091,0.4090909090909091,0.5,0.9090909090909092,0.09090909090909088,0.0,0.13636363636363635,0.09090909090909091,0.0,1,5,19.0,17,4,0,0,1,2,0,0,5,0.0,7,1,1.0,0.0,0.23529411764705882,0.3157894736842105,0.4117647058823529,0.7275541795665634,0.1764705882352941,0.10526315789473684,0.2631578947368421,0.05263157894736842,0.05263157894736842,20260061.0,18.0,1.0,1,4,0,2,24.0,95,6.0,False,True,False,6.0,1.0,3,3,0,1,11.0,2.0,2.0,-1.0,False,False,False,False,True,True,True,True,True,True,True,True,True,False,True,False
20260066,2026-04-12 14:00:00,LG,away,1.0,9.0,0,-8.0,4,dry_<=40,cool_15_20,맑음,1,5,11.0,9,2,1,0,0,0,1,1,1,1.0,3,0,1.0,1.0,0.2222222222222222,0.2727272727272727,0.3333333333333333,0.606060606060606,0.1111111111111111,0.0,0.09090909090909091,0.09090909090909091,0.0,1,2,3.0,3,0,0,0,0,0,0,0,1,0.0,0,0,0.0,0.0,0.0,0.0,0.0,0.0,0.0,0.0,0.3333333333333333,0.0,0.0,1.0,1.0,3.0,3.0,0.0,0.0,0.0,0.0,0.0,0.0,0.0,1.0,0.0,0.0,0.0,0.0,0.0,0.0,0.0,0.0,0.0,0.0,0.0,0.3333333333333333,0.0,0.0,1.0,1.0,0.0,0.0,0.0,0.0,0.0,0.0,0.0,0.0,0.0,0.0,0.0,0.0,0.0,0.0,0.0,,,,,,,,,,1.0,3.0,8.0,6.0,2.0,1.0,0.0,0.0,0.0,1.0,1.0,0.0,1.0,3.0,0.0,1.0,1.0,0.3333333333333333,0.375,0.5,0.875,0.16666666666666669,0.0,0.0,0.125,0.0,1.0,1.0,4.0,4.0,0.0,0.0,0.0,0.0,0.0,0.0,0.0,1.0,0.0,0.0,0.0,0.0,0.0,0.0,0.0,0.0,0.0,0.0,0.0,0.25,0.0,0.0,1,8,21.0,19,6,1,0,0,2,0,0,2,0.0,7,1,0.0,1.0,0.3157894736842105,0.38095238095238093,0.3684210526315789,0.7493734335839599,0.05263157894736842,0.09523809523809523,0.09523809523809523,0.0,0.0,1,6,15.0,13,2,1,0,0,0,1,1,2,1.0,3,0,1.0,1.0,0.15384615384615385,0.2,0.23076923076923078,0.4307692307692308,0.07692307692307693,0.0,0.13333333333333333,0.06666666666666667,0.0,20260066.0,13.0,4.0,6,5,0,3,23.0,103,4.333333333333333,True,False,False,11.0,0.0,3,4,0,1,20.0,3.6666666666666665,3.6666666666666665,-8.0,True,False,False,False,False,True,True,True,True,True,True,False,True,True,True,False
20260072,2026-04-14 18:30:00,두산,home,3.0,11.0,0,-8.0,4,dry_<=40,mild_20_25,맑음,1,4,12.0,12,1,0,0,1,0,0,0,1,0.0,4,2,2.0,0.0,0.08333333333333333,0.08333333333333333,0.3333333333333333,0.41666666666666663,0.25,0.0,0.08333333333333333,0.16666666666666666,0.08333333333333333,1,2,4.0,4,0,0,0,0,0,0,0,0,0.0,0,0,0.0,0.0,0.0,0.0,0.0,0.0,0.0,0.0,0.0,0.0,0.0,,,,,,,,,,,,,,,,,,,,,,,,,,,1.0,2.0,4.0,4.0,0.0,0.0,0.0,0.0,0.0,0.0,0.0,0.0,0.0,0.0,0.0,0.0,0.0,0.0,0.0,0.0,0.0,0.0,0.0,0.0,0.0,0.0,1.0,2.0,8.0,8.0,1.0,0.0,0.0,1.0,0.0,0.0,0.0,1.0,0.0,4.0,2.0,2.0,0.0,0.125,0.125,0.5,0.625,0.375,0.0,0.125,0.25,0.125,1.0,1.0,4.0,3.0,0.0,0.0,0.0,0.0,1.0,0.0,0.0,0.0,0.0,0.0,0.0,0.0,0.0,0.0,0.25,0.0,0.25,0.0,0.25,0.0,0.0,0.0,1,8,20.0,19,5,0,0,1,1,0,0,5,0.0,8,1,1.0,2.0,0.2631578947368421,0.3,0.42105263157894735,0.7210526315789474,0.15789473684210525,0.05,0.25,0.05,0.05,1,5,16.0,15,1,0,0,1,1,0,0,1,0.0,4,2,2.0,0.0,0.06666666666666667,0.125,0.26666666666666666,0.39166666666666666,0.2,0.0625,0.0625,0.125,0.0625,20260072.0,6.0,5.0,5,5,2,2,13.0,55,2.0,True,False,True,21.0,6.0,6,8,2,2,32.0,7.0,7.0,-8.0,True,True,True,False,False,True,False,True,True,True,True,False,True,True,False,False
20260077,2026-04-15 18:30:00,두산,home,6.0,0.0,1,6.0,4,normal_40_60,mild_20_25,맑음,1,4,10.0,9,1,0,0,0,1,0,0,3,0.0,1,0,0.0,0.0,0.1111111111111111,0.2,0.1111111111111111,0.3111111111111111,0.0,0.1,0.3,0.0,0.0,1,2,4.0,4,1,0,0,0,0,0,0,1,0.0,1,0,0.0,0.0,0.25,0.25,0.25,0.5,0.0,0.0,0.25,0.0,0.0,1.0,1.0,4.0,4.0,1.0,0.0,0.0,0.0,0.0,0.0,0.0,1.0,0.0,1.0,0.0,0.0,0.0,0.25,0.25,0.25,0.5,0.0,0.0,0.25,0.0,0.0,1.0,1.0,0.0,0.0,0.0,0.0,0.0,0.0,0.0,0.0,0.0,0.0,0.0,0.0,0.0,0.0,0.0,,,,,,,,,,1.0,2.0,6.0,5.0,0.0,0.0,0.0,0.0,1.0,0.0,0.0,2.0,0.0,0.0,0.0,0.0,0.0,0.0,0.16666666666666666,0.0,0.16666666666666666,0.0,0.16666666666666666,0.3333333333333333,0.0,0.0,1.0,1.0,4.0,3.0,0.0,0.0,0.0,0.0,1.0,0.0,0.0,2.0,0.0,0.0,0.0,0.0,0.0,0.0,0.25,0.0,0.25,0.0,0.25,0.5,0.0,0.0,1,7,23.0,19,8,2,0,3,1,1,0,7,0.0,19,5,6.0,0.0,0.42105263157894735,0.47619047619047616,1.0,1.4761904761904763,0.5789473684210527,0.043478260869565216,0.30434782608695654,0.2608695652173913,0.13043478260869565,1,5,14.0,12,1,0,0,0,2,0,0,5,0.0,1,0,0.0,0.0,0.08333333333333333,0.21428571428571427,0.08333333333333333,0.2976190476190476,0.0,0.14285714285714285,0.35714285714285715,0.0,0.0,20260077.0,12.0,0.0,0,3,0,3,16.0,73,4.0,True,False,False,15.0,0.0,0,3,0,2,18.0,5.0,5.0,6.0,False,True,False,False,True,True,True,True,True,True,True,True,False,False,False,False
20260082,2026-04-16 18:30:00,두산,home,2.0,1.0,1,1.0,4,dry_<=40,mild_20_25,맑음,1,4,10.0,10,1,0,0,0,0,0,0,5,0.0,1,1,0.0,0.0,0.1,0.1,0.1,0.2,0.0,0.0,0.5,0.0,0.0,1,1,4.0,4,0,0,0,0,0,0,0,1,0.0,0,0,0.0,0.0,0.0,0.0,0.0,0.0,0.0,0.0,0.25,0.0,0.0,1.0,1.0,4.0,4.0,0.0,0.0,0.0,0.0,0.0,0.0,0.0,1.0,0.0,0.0,0.0,0.0,0.0,0.0,0.0,0.0,0.0,0.0,0.0,0.25,0.0,0.0,,,,,,,,,,,,,,,,,,,,,,,,,,,1.0,3.0,6.0,6.0,1.0,0.0,0.0,0.0,0.0,0.0,0.0,4.0,0.0,1.0,1.0,0.0,0.0,0.16666666666666666,0.16666666666666666,0.16666666666666666,0.3333333333333333,0.0,0.0,0.6666666666666666,0.0,0.0,1.0,1.0,4.0,4.0,0.0,0.0,0.0,0.0,0.0,0.0,0.0,2.0,0.0,0.0,0.0,0.0,0.0,0.0,0.0,0.0,0.0,0.0,0.0,0.5,0.0,0.0,1,5,18.0,17,6,1,0,0,1,0,0,3,0.0,7,1,2.0,0.0,0.35294117647058826,0.3888888888888889,0.4117647058823529,0.8006535947712419,0.05882352941176466,0.05555555555555555,0.16666666666666666,0.1111111111111111,0.0,1,5,14.0,14,1,0,0,0,0,0,0,7,0.0,1,1,0.0,0.0,0.07142857142857142,0.07142857142857142,0.07142857142857142,0.14285714285714285,0.0,0.0,0.5,0.0,0.0,20260082.0,18.0,0.0,0,2,0,1,21.0,89,6.0,False,True,False,9.0,1.0,1,4,1,1,14.0,3.0,3.0,1.0,False,False,False,False,True,True,True,True,True,True,True,True,True,False,False,False
20260095,2026-04-18 17:00:00,NC,away,11.0,3.0,1,8.0,4,normal_40_60,mild_20_25,흐림,1,5,15.0,13,3,0,0,1,0,1,1,5,0.0,6,5,5.0,1.0,0.23076923076923078,0.26666666666666666,0.46153846153846156,0.7282051282051283,0.23076923076923078,0.0,0.3333333333333333,0.3333333333333333,0.06666666666666667,1,2,5.0,5,1,0,0,0,0,0,0,1,0.0,1,2,0.0,0.0,0.2,0.2,0.2,0.4,0.0,0.0,0.2,0.0,0.0,1.0,1.0,5.0,5.0,1.0,0.0,0.0,0.0,0.0,0.0,0.0,1.0,0.0,1.0,1.0,0.0,0.0,0.2,0.2,0.2,0.4,0.0,0.0,0.2,0.0,0.0,1.0,1.0,0.0,0.0,0.0,0.0,0.0,0.0,0.0,0.0,0.0,0.0,0.0,0.0,1.0,0.0,0.0,,,,,,,,,,1.0,3.0,10.0,8.0,2.0,0.0,0.0,1.0,0.0,1.0,1.0,4.0,0.0,5.0,3.0,5.0,1.0,0.25,0.3,0.625,0.925,0.375,0.0,0.4,0.5,0.1,1.0,1.0,5.0,4.0,1.0,0.0,0.0,0.0,1.0,0.0,0.0,2.0,0.0,1.0,1.0,2.0,0.0,0.25,0.4,0.25,0.65,0.0,0.2,0.4,0.4,0.0,1,8,24.0,18,4,0,0,1,4,2,0,7,0.0,7,5,3.0,1.0,0.2222222222222222,0.4166666666666667,0.3888888888888889,0.8055555555555556,0.16666666666666669,0.16666666666666666,0.2916666666666667,0.125,0.041666666666666664,1,6,20.0,17,4,0,0,1,1,1,1,7,0.0,7,6,7.0,1.0,0.23529411764705882,0.3,0.4117647058823529,0.7117647058823529,0.1764705882352941,0.05,0.35,0.35,0.05,20260095.0,17.0,3.0,3,3,1,2,23.0,91,5.666666666666667,False,False,False,10.0,0.0,0,2,0,3,13.0,3.3333333333333335,3.3333333333333335,8.0,False,False,False,False,False,False,False,True,True,True,False,True,False,False,True,False
20260100,2026-04-19 14:00:00,NC,away,2.0,9.0,0,-7.0,4,normal_40_60,mild_20_25,맑음,1,5,13.0,12,4,0,0,0,1,0,0,2,0.0,4,1,1.0,0.0,0.3333333333333333,0.38461538461538464,0.3333333333333333,0.717948717948718,0.0,0.07692307692307693,0.15384615384615385,0.07692307692307693,0.0,1,2,5.0,5,2,0,0,0,0,0,0,1,0.0,2,0,1.0,0.0,0.4,0.4,0.4,0.8,0.0,0.0,0.2,0.2,0.0,1.0,2.0,5.0,5.0,2.0,0.0,0.0,0.0,0.0,0.0,0.0,1.0,0.0,2.0,0.0,1.0,0.0,0.4,0.4,0.4,0.8,0.0,0.0,0.2,0.2,0.0,,,,,,,,,,,,,,,,,,,,,,,,,,,1.0,3.0,8.0,7.0,2.0,0.0,0.0,0.0,1.0,0.0,0.0,1.0,0.0,2.0,1.0,0.0,0.0,0.2857142857142857,0.375,0.2857142857142857,0.6607142857142857,0.0,0.125,0.125,0.0,0.0,1.0,1.0,5.0,4.0,0.0,0.0,0.0,0.0,1.0,0.0,0.0,2.0,0.0,0.0,0.0,0.0,0.0,0.0,0.2,0.0,0.2,0.0,0.2,0.4,0.0,0.0,1,8,22.0,19,5,0,0,0,3,0,0,4,0.0,5,1,1.0,1.0,0.2631578947368421,0.36363636363636365,0.2631578947368421,0.6267942583732058,0.0,0.13636363636363635,0.18181818181818182,0.045454545454545456,0.0,1,6,18.0,16,4,0,0,0,2,0,0,4,0.0,4,1,1.0,0.0,0.25,0.3333333333333333,0.25,0.5833333333333333,0.0,0.1111111111111111,0.2222222222222222,0.05555555555555555,0.0,20260100.0,6.0,2.0,2,2,0,0,8.0,28,2.0,True,False,True,18.0,7.0,7,8,2,2,29.0,6.0,6.0,-7.0,False,True,True,False,False,True,True,False,False,False,True,False,True,True,True,False
20260104,2026-04-21 18:30:00,삼성,away,5.0,4.0,1,1.0,4,dry_<=40,mild_20_25,맑음,1,4,14.0,13,3,2,0,0,1,0,0,1,0.0,5,1,1.0,0.0,0.23076923076923078,0.2857142857142857,0.38461538461538464,0.6703296703296704,0.15384615384615385,0.07142857142857142,0.07142857142857142,0.07142857142857142,0.0,1,1,5.0,5,1,1,0,0,0,0,0,0,0.0,2,0,1.0,0.0,0.2,0.2,0.4,0.6000000000000001,0.2,0.0,0.0,0.2,0.0,,,,,,,,,,,,,,,,,,,,,,,,,,,1.0,1.0,5.0,5.0,1.0,1.0,0.0,0.0,0.0,0.0,0.0,0.0,0.0,2.0,0.0,1.0,0.0,0.2,0.2,0.4,0.6000000000000001,0.2,0.0,0.0,0.2,0.0,1.0,3.0,9.0,8.0,2.0,1.0,0.0,0.0,1.0,0.0,0.0,1.0,0.0,3.0,1.0,0.0,0.0,0.25,0.3333333333333333,0.375,0.7083333333333333,0.125,0.1111111111111111,0.1111111111111111,0.0,0.0,1.0,1.0,5.0,3.0,1.0,0.0,0.0,0.0,2.0,0.0,0.0,0.0,0.0,1.0,1.0,0.0,0.0,0.3333333333333333,0.6,0.3333333333333333,0.9333333333333333,0.0,0.4,0.0,0.0,0.0,1,5,27.0,19,4,1,0,0,4,2,1,3,1.0,5,3,3.0,1.0,0.21052631578947367,0.38461538461538464,0.2631578947368421,0.6477732793522267,0.05263157894736842,0.14814814814814814,0.1111111111111111,0.1111111111111111,0.0,1,5,19.0,16,4,2,0,0,3,0,0,1,0.0,6,2,1.0,0.0,0.25,0.3684210526315789,0.375,0.743421052631579,0.125,0.15789473684210525,0.05263157894736842,0.05263157894736842,0.0,20260104.0,13.0,4.0,4,9,1,2,23.0,96,4.333333333333333,True,False,False,17.0,0.0,0,2,0,4,23.0,5.666666666666667,5.666666666666667,1.0,True,True,False,True,False,True,True,False,True,True,True,False,False,False,True,False
20260109,2026-04-22 18:30:00,삼성,away,3.0,2.0,1,1.0,4,dry_<=40,cool_15_20,비,1,4,13.0,12,1,0,0,1,1,0,0,1,0.0,4,1,1.0,1.0,0.08333333333333333,0.15384615384615385,0.3333333333333333,0.48717948717948717,0.25,0.07692307692307693,0.07692307692307693,0.07692307692307693,0.07692307692307693,1,4,13.0,12,1,0,0,1,1,0,0,1,0.0,4,1,1.0,1.0,0.08333333333333333,0.15384615384615385,0.3333333333333333,0.48717948717948717,0.25,0.07692307692307693,0.07692307692307693,0.07692307692307693,0.07692307692307693,1.0,1.0,5.0,5.0,0.0,0.0,0.0,0.0,0.0,0.0,0.0,1.0,0.0,0.0,0.0,0.0,0.0,0.0,0.0,0.0,0.0,0.0,0.0,0.2,0.0,0.0,1.0,3.0,8.0,7.0,1.0,0.0,0.0,1.0,1.0,0.0,0.0,0.0,0.0,4.0,1.0,1.0,1.0,0.14285714285714285,0.25,0.5714285714285714,0.8214285714285714,0.42857142857142855,0.125,0.0,0.125,0.125,,,,,,,,,,,,,,,,,,,,,,,,,,,1.0,2.0,4.0,2.0,1.0,1.0,0.0,0.0,2.0,0.0,0.0,0.0,0.0,2.0,1.0,0.0,1.0,0.5,0.75,1.0,1.75,0.5,0.5,0.0,0.0,0.0,1,7,20.0,19,3,1,0,0,1,0,0,5,0.0,4,0,2.0,0.0,0.15789473684210525,0.2,0.21052631578947367,0.4105263157894737,0.05263157894736842,0.05,0.25,0.1,0.0,1,6,17.0,14,2,1,0,1,3,0,0,1,0.0,6,2,1.0,2.0,0.14285714285714285,0.29411764705882354,0.42857142857142855,0.7226890756302521,0.2857142857142857,0.17647058823529413,0.058823529411764705,0.058823529411764705,0.058823529411764705,20260109.0,15.0,2.0,2,3,1,3,22.0,89,5.0,False,False,False,12.0,0.0,0,3,0,1,15.0,4.0,4.0,1.0,False,False,False,False,False,True,False,False,True,True,True,False,True,False,True,False
20260114,2026-04-23 18:30:00,삼성,away,8.0,2.0,1,6.0,4,normal_40_60,cool_15_20,흐림,1,5,11.0,10,4,2,0,0,0,0,1,4,0.0,6,2,4.0,0.0,0.4,0.36363636363636365,0.6,0.9636363636363636,0.19999999999999996,0.0,0.36363636363636365,0.36363636363636365,0.0,1,1,4.0,3,2,1,0,0,0,0,1,1,0.0,3,0,2.0,0.0,0.6666666666666666,0.5,1.0,1.5,0.33333333333333337,0.0,0.25,0.5,0.0,,,,,,,,,,,,,,,,,,,,,,,,,,,1.0,1.0,4.0,3.0,2.0,1.0,0.0,0.0,0.0,0.0,1.0,1.0,0.0,3.0,0.0,2.0,0.0,0.6666666666666666,0.5,1.0,1.5,0.33333333333333337,0.0,0.25,0.5,0.0,1.0,4.0,7.0,7.0,2.0,1.0,0.0,0.0,0.0,0.0,0.0,3.0,0.0,3.0,2.0,2.0,0.0,0.2857142857142857,0.2857142857142857,0.42857142857142855,0.7142857142857142,0.14285714285714285,0.0,0.42857142857142855,0.2857142857142857,0.0,1.0,1.0,4.0,4.0,0.0,0.0,0.0,0.0,0.0,0.0,0.0,2.0,0.0,0.0,0.0,0.0,0.0,0.0,0.0,0.0,0.0,0.0,0.0,0.5,0.0,0.0,1,6,23.0,19,7,0,1,1,3,0,0,2,1.0,12,5,4.0,0.0,0.3684210526315789,0.45454545454545453,0.631578947368421,1.0861244019138756,0.2631578947368421,0.13043478260869565,0.08695652173913043,0.17391304347826086,0.043478260869565216,1,6,15.0,14,4,2,0,0,0,0,1,6,0.0,6,2,4.0,0.0,0.2857142857142857,0.26666666666666666,0.42857142857142855,0.6952380952380952,0.14285714285714285,0.0,0.4,0.26666666666666666,0.0,20260114.0,18.0,1.0,2,7,0,3,26.0,95,6.0,False,True,False,9.0,0.0,0,3,0,2,14.0,3.0,3.0,6.0,False,False,False,False,False,False,True,False,False,True,False,True,False,False,True,False
20260118,2026-04-24 18:30:00,KT,home,5.0,0.0,1,5.0,4,dry_<=40,mild_20_25,맑음,1,4,12.0,10,2,0,0,0,1,1,0,4,0.0,2,1,1.0,0.0,0.2,0.3333333333333333,0.2,0.5333333333333333,0.0,0.08333333333333333,0.3333333333333333,0.08333333333333333,0.0,1,3,8.0,6,1,0,0,0,1,1,0,3,0.0,1,1,0.0,0.0,0.16666666666666666,0.375,0.16666666666666666,0.5416666666666666,0.0,0.125,0.375,0.0,0.0,,,,,,,,,,,,,,,,,,,,,,,,,,,1.0,3.0,8.0,6.0,1.0,0.0,0.0,0.0,1.0,1.0,0.0,3.0,0.0,1.0,1.0,0.0,0.0,0.16666666666666666,0.375,0.16666666666666666,0.5416666666666666,0.0,0.125,0.375,0.0,0.0,1.0,1.0,4.0,4.0,1.0,0.0,0.0,0.0,0.0,0.0,0.0,1.0,0.0,1.0,0.0,1.0,0.0,0.25,0.25,0.25,0.5,0.0,0.0,0.25,0.25,0.0,1.0,1.0,4.0,3.0,0.0,0.0,0.0,0.0,1.0,0.0,0.0,0.0,0.0,0.0,0.0,0.0,0.0,0.0,0.25,0.0,0.25,0.0,0.25,0.0,0.0,0.0,1,6,21.0,20,8,2,0,2,1,0,0,2,1.0,16,4,4.0,0.0,0.4,0.42857142857142855,0.8,1.2285714285714286,0.4,0.047619047619047616,0.09523809523809523,0.19047619047619047,0.09523809523809523,1,5,16.0,13,2,0,0,0,2,1,0,4,0.0,2,1,1.0,0.0,0.15384615384615385,0.3125,0.15384615384615385,0.46634615384615385,0.0,0.125,0.25,0.0625,0.0,20260118.0,21.0,0.0,0,3,0,2,25.0,107,7.0,False,True,False,6.0,0.0,0,0,0,0,6.0,2.0,2.0,5.0,False,False,False,False,False,True,True,True,False,True,True,False,False,False,False,False
20260123,2026-04-25 17:00:00,KT,home,3.0,1.0,1,2.0,4,dry_<=40,mild_20_25,맑음,1,4,11.0,10,1,1,0,0,1,0,0,3,0.0,2,1,0.0,0.0,0.1,0.18181818181818182,0.2,0.38181818181818183,0.1,0.09090909090909091,0.2727272727272727,0.0,0.0,1,3,8.0,7,0,0,0,0,1,0,0,3,0.0,0,0,0.0,0.0,0.0,0.125,0.0,0.125,0.0,0.125,0.375,0.0,0.0,,,,,,,,,,,,,,,,,,,,,,,,,,,1.0,3.0,8.0,7.0,0.0,0.0,0.0,0.0,1.0,0.0,0.0,3.0,0.0,0.0,0.0,0.0,0.0,0.0,0.125,0.0,0.125,0.0,0.125,0.375,0.0,0.0,1.0,1.0,3.0,3.0,1.0,1.0,0.0,0.0,0.0,0.0,0.0,0.0,0.0,2.0,1.0,0.0,0.0,0.3333333333333333,0.3333333333333333,0.6666666666666666,1.0,0.3333333333333333,0.0,0.0,0.0,0.0,1.0,1.0,3.0,3.0,1.0,0.0,0.0,0.0,0.0,0.0,0.0,1.0,0.0,1.0,0.0,1.0,0.0,0.3333333333333333,0.3333333333333333,0.3333333333333333,0.6666666666666666,0.0,0.0,0.3333333333333333,0.3333333333333333,0.0,1,6,18.0,18,5,0,0,1,0,0,0,4,0.0,8,2,2.0,3.0,0.2777777777777778,0.2777777777777778,0.4444444444444444,0.7222222222222222,0.16666666666666663,0.0,0.2222222222222222,0.1111111111111111,0.05555555555555555,1,5,14.0,13,2,1,0,0,1,0,0,4,0.0,3,1,1.0,0.0,0.15384615384615385,0.21428571428571427,0.23076923076923078,0.44505494505494503,0.07692307692307693,0.07142857142857142,0.2857142857142857,0.07142857142857142,0.0,20260123.0,15.0,0.0,0,3,0,2,19.0,92,5.0,False,False,False,12.0,1.0,1,2,1,3,17.0,4.0,4.0,2.0,False,False,False,False,True,True,True,True,True,True,True,False,True,False,False,False
20260128,2026-04-26 14:00:00,KT,home,2.0,12.0,0,-10.0,4,dry_<=40,mild_20_25,맑음,1,5,11.0,10,4,0,0,1,1,0,0,2,0.0,7,1,2.0,0.0,0.4,0.45454545454545453,0.7,1.1545454545454545,0.29999999999999993,0.09090909090909091,0.18181818181818182,0.18181818181818182,0.09090909090909091,1,2,4.0,3,2,0,0,0,1,0,0,0,0.0,2,0,1.0,0.0,0.6666666666666666,0.75,0.6666666666666666,1.4166666666666665,0.0,0.25,0.0,0.25,0.0,,,,,,,,,,,,,,,,,,,,,,,,,,,1.0,2.0,4.0,3.0,2.0,0.0,0.0,0.0,1.0,0.0,0.0,0.0,0.0,2.0,0.0,1.0,0.0,0.6666666666666666,0.75,0.6666666666666666,1.4166666666666665,0.0,0.25,0.0,0.25,0.0,1.0,3.0,7.0,7.0,2.0,0.0,0.0,1.0,0.0,0.0,0.0,2.0,0.0,5.0,1.0,1.0,0.0,0.2857142857142857,0.2857142857142857,0.7142857142857143,1.0,0.4285714285714286,0.0,0.2857142857142857,0.14285714285714285,0.14285714285714285,1.0,1.0,3.0,3.0,0.0,0.0,0.0,0.0,0.0,0.0,0.0,1.0,0.0,0.0,0.0,0.0,0.0,0.0,0.0,0.0,0.0,0.0,0.0,0.3333333333333333,0.0,0.0,1,8,18.0,18,4,0,0,0,0,0,0,6,1.0,4,1,0.0,1.0,0.2222222222222222,0.2222222222222222,0.2222222222222222,0.4444444444444444,0.0,0.0,0.3333333333333333,0.0,0.0,1,6,14.0,13,4,0,0,1,1,0,0,3,0.0,7,1,2.0,0.0,0.3076923076923077,0.35714285714285715,0.5384615384615384,0.8956043956043955,0.23076923076923073,0.07142857142857142,0.21428571428571427,0.14285714285714285,0.07142857142857142,20260128.0,15.0,4.0,5,6,1,1,23.0,88,5.0,False,False,False,12.0,7.0,7,8,2,4,24.0,4.0,4.0,-10.0,True,False,True,True,False,True,False,False,False,True,True,False,True,True,False,False
20260133,2026-04-28 18:30:00,한화,away,6.0,7.0,0,-1.0,4,dry_<=40,cool_15_20,흐림,1,4,16.0,13,3,0,0,0,2,0,1,2,0.0,3,1,2.0,0.0,0.23076923076923078,0.3125,0.23076923076923078,0.5432692307692308,0.0,0.125,0.125,0.125,0.0,1,2,6.0,5,2,0,0,0,1,0,0,1,0.0,2,1,0.0,0.0,0.4,0.5,0.4,0.9,0.0,0.16666666666666666,0.16666666666666666,0.0,0.0,,,,,,,,,,,,,,,,,,,,,,,,,,,1.0,2.0,6.0,5.0,2.0,0.0,0.0,0.0,1.0,0.0,0.0,1.0,0.0,2.0,1.0,0.0,0.0,0.4,0.5,0.4,0.9,0.0,0.16666666666666666,0.16666666666666666,0.0,0.0,1.0,2.0,10.0,8.0,1.0,0.0,0.0,0.0,1.0,0.0,1.0,1.0,0.0,1.0,0.0,2.0,0.0,0.125,0.2,0.125,0.325,0.0,0.1,0.1,0.2,0.0,1.0,2.0,4.0,3.0,2.0,0.0,0.0,0.0,1.0,0.0,0.0,0.0,0.0,2.0,0.0,0.0,0.0,0.6666666666666666,0.75,0.6666666666666666,1.4166666666666665,0.0,0.25,0.0,0.0,0.0,1,6,24.0,21,6,0,1,1,2,0,1,6,1.0,11,3,4.0,0.0,0.2857142857142857,0.3333333333333333,0.5238095238095238,0.8571428571428572,0.23809523809523814,0.08333333333333333,0.25,0.16666666666666666,0.041666666666666664,1,6,20.0,16,5,0,0,0,3,0,1,2,0.0,5,1,2.0,0.0,0.3125,0.4,0.3125,0.7125,0.0,0.15,0.1,0.1,0.0,20260133.0,15.0,2.0,2,5,0,1,21.0,81,5.0,False,False,False,14.0,4.0,5,5,0,7,28.0,4.666666666666667,4.666666666666667,-1.0,False,False,True,True,False,True,True,True,False,True,True,False,False,True,True,False
20260138,2026-04-29 18:30:00,한화,away,6.0,1.0,1,5.0,4,normal_40_60,cool_15_20,흐림,1,4,15.0,11,2,0,1,0,3,1,0,2,1.0,4,3,2.0,0.0,0.18181818181818182,0.4,0.36363636363636365,0.7636363636363637,0.18181818181818182,0.2,0.13333333333333333,0.13333333333333333,0.0,1,3,10.0,6,0,0,0,0,3,1,0,2,1.0,0,1,2.0,0.0,0.0,0.4,0.0,0.4,0.0,0.3,0.2,0.2,0.0,,,,,,,,,,,,,,,,,,,,,,,,,,,1.0,3.0,10.0,6.0,0.0,0.0,0.0,0.0,3.0,1.0,0.0,2.0,1.0,0.0,1.0,2.0,0.0,0.0,0.4,0.0,0.4,0.0,0.3,0.2,0.2,0.0,1.0,1.0,5.0,5.0,2.0,0.0,1.0,0.0,0.0,0.0,0.0,0.0,0.0,4.0,2.0,0.0,0.0,0.4,0.4,0.8,1.2000000000000002,0.4,0.0,0.0,0.0,0.0,1.0,1.0,4.0,3.0,0.0,0.0,0.0,0.0,1.0,0.0,0.0,1.0,0.0,0.0,0.0,0.0,0.0,0.0,0.25,0.0,0.25,0.0,0.25,0.25,0.0,0.0,1,5,23.0,17,5,1,0,1,6,0,0,1,1.0,9,3,4.0,0.0,0.29411764705882354,0.4782608695652174,0.5294117647058824,1.0076726342710998,0.23529411764705882,0.2608695652173913,0.043478260869565216,0.17391304347826086,0.043478260869565216,1,5,19.0,14,2,0,1,0,4,1,0,3,1.0,4,3,2.0,0.0,0.14285714285714285,0.3684210526315789,0.2857142857142857,0.6541353383458646,0.14285714285714285,0.21052631578947367,0.15789473684210525,0.10526315789473684,0.0,20260138.0,12.0,1.0,1,5,0,2,19.0,85,4.0,True,False,False,15.0,0.0,0,1,0,1,18.0,5.0,5.0,5.0,False,True,False,False,False,True,True,False,False,True,True,False,False,False,True,False
20260143,2026-04-30 18:30:00,한화,away,14.0,3.0,1,11.0,4,normal_40_60,cool_15_20,흐림,1,5,15.0,14,6,1,0,0,0,0,1,1,0.0,7,5,5.0,1.0,0.42857142857142855,0.4,0.5,0.9,0.07142857142857145,0.0,0.06666666666666667,0.3333333333333333,0.0,1,1,5.0,4,2,1,0,0,0,0,1,0,0.0,3,1,3.0,0.0,0.5,0.4,0.75,1.15,0.25,0.0,0.0,0.6,0.0,,,,,,,,,,,,,,,,,,,,,,,,,,,1.0,1.0,5.0,4.0,2.0,1.0,0.0,0.0,0.0,0.0,1.0,0.0,0.0,3.0,1.0,3.0,0.0,0.5,0.4,0.75,1.15,0.25,0.0,0.0,0.6,0.0,1.0,4.0,10.0,10.0,4.0,0.0,0.0,0.0,0.0,0.0,0.0,1.0,0.0,4.0,4.0,2.0,1.0,0.4,0.4,0.4,0.8,0.0,0.0,0.1,0.2,0.0,1.0,1.0,5.0,4.0,0.0,0.0,0.0,0.0,1.0,0.0,0.0,1.0,0.0,0.0,1.0,0.0,0.0,0.0,0.2,0.0,0.2,0.0,0.2,0.2,0.0,0.0,1,7,28.0,19,6,1,0,1,6,1,1,3,0.0,10,8,9.0,0.0,0.3157894736842105,0.48148148148148145,0.5263157894736842,1.0077972709551657,0.21052631578947367,0.21428571428571427,0.10714285714285714,0.32142857142857145,0.03571428571428571,1,6,20.0,18,6,1,0,0,1,0,1,2,0.0,7,6,5.0,1.0,0.3333333333333333,0.35,0.3888888888888889,0.7388888888888889,0.05555555555555558,0.05,0.1,0.25,0.0,20260143.0,17.0,1.0,1,5,0,3,24.0,98,5.666666666666667,False,False,False,10.0,2.0,2,2,0,2,15.0,3.3333333333333335,3.3333333333333335,11.0,False,False,False,False,False,False,True,False,False,True,False,False,False,False,True,False
20260148,2026-05-01 17:00:00,롯데,home,7.0,10.0,0,-3.0,5,dry_<=40,mild_20_25,맑음,1,5,16.0,14,3,0,0,0,2,0,0,3,1.0,3,1,3.0,0.0,0.21428571428571427,0.3125,0.21428571428571427,0.5267857142857143,0.0,0.125,0.1875,0.1875,0.0,1,5,16.0,14,3,0,0,0,2,0,0,3,1.0,3,1,3.0,0.0,0.21428571428571427,0.3125,0.21428571428571427,0.5267857142857143,0.0,0.125,0.1875,0.1875,0.0,1.0,1.0,6.0,5.0,0.0,0.0,0.0,0.0,1.0,0.0,0.0,0.0,0.0,0.0,1.0,0.0,0.0,0.0,0.16666666666666666,0.0,0.16666666666666666,0.0,0.16666666666666666,0.0,0.0,0.0,1.0,4.0,10.0,9.0,3.0,0.0,0.0,0.0,1.0,0.0,0.0,3.0,1.0,3.0,0.0,3.0,0.0,0.3333333333333333,0.4,0.3333333333333333,0.7333333333333334,0.0,0.1,0.3,0.3,0.0,,,,,,,,,,,,,,,,,,,,,,,,,,,1.0,1.0,5.0,3.0,0.0,0.0,0.0,0.0,2.0,0.0,0.0,2.0,0.0,0.0,0.0,0.0,0.0,0.0,0.4,0.0,0.4,0.0,0.4,0.4,0.0,0.0,1,5,26.0,20,7,1,0,1,3,1,1,1,0.0,11,6,3.0,1.0,0.35,0.44,0.55,0.99,0.20000000000000007,0.11538461538461539,0.038461538461538464,0.11538461538461539,0.038461538461538464,1,6,21.0,17,3,0,0,0,4,0,0,5,1.0,3,1,3.0,0.0,0.17647058823529413,0.3333333333333333,0.17647058823529413,0.5098039215686274,0.0,0.19047619047619047,0.23809523809523808,0.14285714285714285,0.0,20260148.0,16.0,1.0,1,3,0,2,21.0,72,5.333333333333333,False,False,False,14.0,9.0,9,9,0,3,28.0,4.666666666666667,4.666666666666667,-3.0,False,False,True,False,False,False,True,False,False,True,False,True,False,True,False,False
20260153,2026-05-02 14:00:00,롯데,home,5.0,7.0,0,-2.0,5,humid_60+,cool_15_20,흐림,1,3,12.0,12,3,1,0,0,0,0,0,2,0.0,4,0,1.0,0.0,0.25,0.25,0.3333333333333333,0.5833333333333333,0.08333333333333331,0.0,0.16666666666666666,0.08333333333333333,0.0,1,1,4.0,4,1,0,0,0,0,0,0,1,0.0,1,0,1.0,0.0,0.25,0.25,0.25,0.5,0.0,0.0,0.25,0.25,0.0,,,,,,,,,,,,,,,,,,,,,,,,,,,1.0,1.0,4.0,4.0,1.0,0.0,0.0,0.0,0.0,0.0,0.0,1.0,0.0,1.0,0.0,1.0,0.0,0.25,0.25,0.25,0.5,0.0,0.0,0.25,0.25,0.0,1.0,2.0,8.0,8.0,2.0,1.0,0.0,0.0,0.0,0.0,0.0,1.0,0.0,3.0,0.0,0.0,0.0,0.25,0.25,0.375,0.625,0.125,0.0,0.125,0.0,0.0,1.0,1.0,4.0,4.0,0.0,0.0,0.0,0.0,0.0,0.0,0.0,1.0,0.0,0.0,0.0,0.0,0.0,0.0,0.0,0.0,0.0,0.0,0.0,0.25,0.0,0.0,1,5,19.0,16,5,2,0,2,2,0,0,6,1.0,13,5,4.0,1.0,0.3125,0.3888888888888889,0.8125,1.2013888888888888,0.5,0.10526315789473684,0.3157894736842105,0.21052631578947367,0.10526315789473684,1,4,16.0,16,3,1,0,0,0,0,0,3,0.0,4,0,1.0,0.0,0.1875,0.1875,0.25,0.4375,0.0625,0.0,0.1875,0.0625,0.0,20260153.0,15.0,2.0,2,3,0,0,19.0,73,5.0,False,False,False,12.0,5.0,5,10,0,4,27.0,4.0,4.0,-2.0,False,False,True,True,False,True,True,False,True,True,True,False,False,True,False,True
20260158,2026-05-03 14:00:00,롯데,home,2.0,5.0,0,-3.0,5,humid_60+,cold_<=15,흐림,1,4,11.0,11,1,0,0,1,0,0,0,2,0.0,4,1,2.0,0.0,0.09090909090909091,0.09090909090909091,0.36363636363636365,0.4545454545454546,0.2727272727272727,0.0,0.18181818181818182,0.18181818181818182,0.09090909090909091,1,1,4.0,4,0,0,0,0,0,0,0,1,0.0,0,0,1.0,0.0,0.0,0.0,0.0,0.0,0.0,0.0,0.25,0.25,0.0,,,,,,,,,,,,,,,,,,,,,,,,,,,1.0,1.0,4.0,4.0,0.0,0.0,0.0,0.0,0.0,0.0,0.0,1.0,0.0,0.0,0.0,1.0,0.0,0.0,0.0,0.0,0.0,0.0,0.0,0.25,0.25,0.0,1.0,3.0,7.0,7.0,1.0,0.0,0.0,1.0,0.0,0.0,0.0,1.0,0.0,4.0,1.0,1.0,0.0,0.14285714285714285,0.14285714285714285,0.5714285714285714,0.7142857142857142,0.42857142857142855,0.0,0.14285714285714285,0.14285714285714285,0.14285714285714285,1.0,1.0,4.0,4.0,1.0,0.0,0.0,0.0,0.0,0.0,0.0,1.0,0.0,1.0,0.0,0.0,0.0,0.25,0.25,0.25,0.5,0.0,0.0,0.25,0.0,0.0,1,6,19.0,18,5,0,0,0,1,0,0,5,0.0,5,1,0.0,0.0,0.2777777777777778,0.3157894736842105,0.2777777777777778,0.5935672514619883,0.0,0.05263157894736842,0.2631578947368421,0.0,0.0,1,5,15.0,15,2,0,0,1,0,0,0,3,0.0,5,1,2.0,0.0,0.13333333333333333,0.13333333333333333,0.3333333333333333,0.4666666666666667,0.19999999999999998,0.0,0.2,0.13333333333333333,0.06666666666666667,20260158.0,12.0,1.0,1,1,0,1,14.0,62,4.0,True,False,False,15.0,4.0,4,5,1,3,23.0,5.0,5.0,-3.0,False,True,True,False,False,True,False,False,True,True,True,False,True,False,False,True
20260162,2026-05-05 14:00:00,NC,home,7.0,7.0,0,0.0,5,dry_<=40,mild_20_25,맑음,1,5,18.0,13,5,1,0,0,5,0,0,4,0.0,6,4,2.0,1.0,0.38461538461538464,0.5555555555555556,0.46153846153846156,1.017094017094017,0.07692307692307693,0.2777777777777778,0.2222222222222222,0.1111111111111111,0.0,1,1,7.0,7,2,1,0,0,0,0,0,2,0.0,3,0,2.0,0.0,0.2857142857142857,0.2857142857142857,0.42857142857142855,0.7142857142857142,0.14285714285714285,0.0,0.2857142857142857,0.2857142857142857,0.0,,,,,,,,,,,,,,,,,,,,,,,,,,,1.0,1.0,7.0,7.0,2.0,1.0,0.0,0.0,0.0,0.0,0.0,2.0,0.0,3.0,0.0,2.0,0.0,0.2857142857142857,0.2857142857142857,0.42857142857142855,0.7142857142857142,0.14285714285714285,0.0,0.2857142857142857,0.2857142857142857,0.0,1.0,4.0,11.0,6.0,3.0,0.0,0.0,0.0,5.0,0.0,0.0,2.0,0.0,3.0,4.0,0.0,1.0,0.5,0.7272727272727273,0.5,1.2272727272727273,0.0,0.45454545454545453,0.18181818181818182,0.0,0.0,1.0,1.0,7.0,6.0,1.0,0.0,0.0,0.0,1.0,0.0,0.0,3.0,0.0,1.0,0.0,0.0,0.0,0.16666666666666666,0.2857142857142857,0.16666666666666666,0.45238095238095233,0.0,0.14285714285714285,0.42857142857142855,0.0,0.0,1,6,34.0,24,7,0,1,0,8,0,2,6,1.0,9,3,5.0,0.0,0.2916666666666667,0.4411764705882353,0.375,0.8161764705882353,0.08333333333333331,0.23529411764705882,0.17647058823529413,0.14705882352941177,0.0,1,6,25.0,19,6,1,0,0,6,0,0,7,0.0,7,4,2.0,1.0,0.3157894736842105,0.48,0.3684210526315789,0.848421052631579,0.05263157894736842,0.24,0.28,0.08,0.0,20260162.0,16.0,5.0,5,8,1,1,27.0,90,5.333333333333333,False,False,True,17.0,2.0,2,3,0,2,22.0,5.666666666666667,5.666666666666667,0.0,True,True,False,False,False,True,True,False,False,True,True,True,False,True,False,False
20260167,2026-05-06 18:30:00,NC,home,7.0,6.0,1,1.0,5,normal_40_60,mild_20_25,맑음,1,4,12.0,10,2,1,0,0,2,0,0,4,0.0,3,1,1.0,1.0,0.2,0.3333333333333333,0.3,0.6333333333333333,0.09999999999999998,0.16666666666666666,0.3333333333333333,0.08333333333333333,0.0,1,1,4.0,4,0,0,0,0,0,0,0,3,0.0,0,0,0.0,0.0,0.0,0.0,0.0,0.0,0.0,0.0,0.75,0.0,0.0,,,,,,,,,,,,,,,,,,,,,,,,,,,1.0,1.0,4.0,4.0,0.0,0.0,0.0,0.0,0.0,0.0,0.0,3.0,0.0,0.0,0.0,0.0,0.0,0.0,0.0,0.0,0.0,0.0,0.0,0.75,0.0,0.0,1.0,3.0,8.0,6.0,2.0,1.0,0.0,0.0,2.0,0.0,0.0,1.0,0.0,3.0,1.0,1.0,1.0,0.3333333333333333,0.5,0.5,1.0,0.16666666666666669,0.25,0.125,0.125,0.0,1.0,1.0,4.0,4.0,1.0,0.0,0.0,1.0,0.0,0.0,0.0,0.0,0.0,4.0,1.0,1.0,0.0,0.25,0.25,1.0,1.25,0.75,0.0,0.0,0.25,0.25,1,6,22.0,19,5,1,0,2,3,0,0,4,0.0,12,3,5.0,0.0,0.2631578947368421,0.36363636363636365,0.631578947368421,0.9952153110047847,0.3684210526315789,0.13636363636363635,0.18181818181818182,0.22727272727272727,0.09090909090909091,1,5,16.0,14,3,1,0,1,2,0,0,4,0.0,7,2,2.0,1.0,0.21428571428571427,0.3125,0.5,0.8125,0.2857142857142857,0.125,0.25,0.125,0.0625,20260167.0,16.0,4.0,4,4,3,2,21.0,93,5.333333333333333,False,False,False,11.0,2.0,2,4,0,1,17.0,3.6666666666666665,3.6666666666666665,1.0,True,False,False,False,False,True,True,True,True,True,True,False,False,True,False,False
20260172,2026-05-07 18:30:00,NC,home,5.0,10.0,0,-5.0,5,humid_60+,cold_<=15,흐림,1,3,14.0,12,1,0,0,0,2,0,0,2,1.0,1,2,0.0,0.0,0.08333333333333333,0.21428571428571427,0.08333333333333333,0.2976190476190476,0.0,0.14285714285714285,0.14285714285714285,0.0,0.0,1,2,10.0,9,0,0,0,0,1,0,0,1,1.0,0,0,0.0,0.0,0.0,0.1,0.0,0.1,0.0,0.1,0.1,0.0,0.0,,,,,,,,,,,,,,,,,,,,,,,,,,,1.0,2.0,10.0,9.0,0.0,0.0,0.0,0.0,1.0,0.0,0.0,1.0,1.0,0.0,0.0,0.0,0.0,0.0,0.1,0.0,0.1,0.0,0.1,0.1,0.0,0.0,1.0,1.0,4.0,3.0,1.0,0.0,0.0,0.0,1.0,0.0,0.0,1.0,0.0,1.0,2.0,0.0,0.0,0.3333333333333333,0.5,0.3333333333333333,0.8333333333333333,0.0,0.25,0.25,0.0,0.0,1.0,1.0,4.0,4.0,1.0,0.0,0.0,0.0,0.0,0.0,0.0,2.0,0.0,1.0,0.0,1.0,0.0,0.25,0.25,0.25,0.5,0.0,0.0,0.5,0.25,0.0,1,6,21.0,18,6,1,0,0,2,1,0,4,0.0,7,3,3.0,3.0,0.3333333333333333,0.42857142857142855,0.3888888888888889,0.8174603174603174,0.05555555555555558,0.09523809523809523,0.19047619047619047,0.14285714285714285,0.0,1,4,18.0,16,2,0,0,0,2,0,0,4,1.0,2,2,1.0,0.0,0.125,0.2222222222222222,0.125,0.3472222222222222,0.0,0.1111111111111111,0.2222222222222222,0.05555555555555555,0.0,20260172.0,13.0,7.0,7,8,0,3,25.0,98,4.333333333333333,True,False,True,14.0,3.0,3,4,1,1,21.0,4.666666666666667,4.666666666666667,-5.0,True,False,True,False,True,True,True,True,True,True,True,False,False,True,False,True
20260176,2026-05-08 18:30:00,두산,away,4.0,1.0,1,3.0,5,dry_<=40,cool_15_20,맑음,1,4,12.0,11,4,2,0,0,0,0,1,2,0.0,6,3,2.0,0.0,0.36363636363636365,0.3333333333333333,0.5454545454545454,0.8787878787878787,0.18181818181818177,0.0,0.16666666666666666,0.16666666666666666,0.0,1,1,4.0,4,2,1,0,0,0,0,0,1,0.0,3,3,0.0,0.0,0.5,0.5,0.75,1.25,0.25,0.0,0.25,0.0,0.0,,,,,,,,,,,,,,,,,,,,,,,,,,,1.0,1.0,4.0,4.0,2.0,1.0,0.0,0.0,0.0,0.0,0.0,1.0,0.0,3.0,3.0,0.0,0.0,0.5,0.5,0.75,1.25,0.25,0.0,0.25,0.0,0.0,1.0,3.0,8.0,7.0,2.0,1.0,0.0,0.0,0.0,0.0,1.0,1.0,0.0,3.0,0.0,2.0,0.0,0.2857142857142857,0.25,0.42857142857142855,0.6785714285714286,0.14285714285714285,0.0,0.125,0.25,0.0,1.0,1.0,5.0,5.0,2.0,0.0,0.0,0.0,0.0,0.0,0.0,1.0,1.0,2.0,1.0,0.0,0.0,0.4,0.4,0.4,0.8,0.0,0.0,0.2,0.0,0.0,1,5,23.0,21,6,0,0,0,2,0,0,6,0.0,6,0,2.0,0.0,0.2857142857142857,0.34782608695652173,0.2857142857142857,0.6335403726708074,0.0,0.08695652173913043,0.2608695652173913,0.08695652173913043,0.0,1,5,17.0,16,6,2,0,0,0,0,1,3,1.0,8,4,2.0,0.0,0.375,0.35294117647058826,0.5,0.8529411764705883,0.125,0.0,0.17647058823529413,0.11764705882352941,0.0,20260176.0,17.0,1.0,1,6,0,2,24.0,91,5.666666666666667,False,False,False,10.0,0.0,0,0,0,1,11.0,3.3333333333333335,3.3333333333333335,3.0,False,False,False,False,False,True,True,True,False,True,True,False,False,False,True,False
20260181,2026-05-09 17:00:00,두산,away,4.0,9.0,0,-5.0,5,dry_<=40,mild_20_25,맑음,1,3,12.0,10,6,1,0,0,1,0,1,1,0.0,7,1,1.0,0.0,0.6,0.5833333333333334,0.7,1.2833333333333332,0.09999999999999998,0.08333333333333333,0.08333333333333333,0.08333333333333333,0.0,1,1,4.0,3,2,0,0,0,0,0,1,0,0.0,2,0,1.0,0.0,0.6666666666666666,0.5,0.6666666666666666,1.1666666666666665,0.0,0.0,0.0,0.25,0.0,,,,,,,,,,,,,,,,,,,,,,,,,,,1.0,1.0,4.0,3.0,2.0,0.0,0.0,0.0,0.0,0.0,1.0,0.0,0.0,2.0,0.0,1.0,0.0,0.6666666666666666,0.5,0.6666666666666666,1.1666666666666665,0.0,0.0,0.0,0.25,0.0,1.0,2.0,8.0,7.0,4.0,1.0,0.0,0.0,1.0,0.0,0.0,1.0,0.0,5.0,1.0,0.0,0.0,0.5714285714285714,0.625,0.7142857142857143,1.3392857142857144,0.1428571428571429,0.125,0.125,0.0,0.0,1.0,1.0,5.0,4.0,1.0,0.0,0.0,1.0,1.0,0.0,0.0,1.0,0.0,4.0,1.0,3.0,0.0,0.25,0.4,1.0,1.4,0.75,0.2,0.2,0.6,0.2,1,7,22.0,20,3,0,0,0,2,0,0,2,1.0,3,2,0.0,0.0,0.15,0.22727272727272727,0.15,0.37727272727272726,0.0,0.09090909090909091,0.09090909090909091,0.0,0.0,1,4,17.0,14,7,1,0,1,2,0,1,2,0.0,11,2,4.0,0.0,0.5,0.5294117647058824,0.7857142857142857,1.315126050420168,0.2857142857142857,0.11764705882352941,0.11764705882352941,0.23529411764705882,0.058823529411764705,20260181.0,9.0,6.0,6,3,1,6,18.0,78,3.0,True,False,True,15.0,3.0,3,5,0,5,24.0,5.0,5.0,-5.0,True,True,True,True,False,True,True,False,False,True,False,False,False,True,True,False
20260186,2026-05-10 14:00:00,두산,away,1.0,3.0,0,-2.0,5,dry_<=40,mild_20_25,맑음,1,4,12.0,11,2,1,0,0,0,1,0,2,1.0,3,1,0.0,0.0,0.18181818181818182,0.25,0.2727272727272727,0.5227272727272727,0.09090909090909088,0.0,0.16666666666666666,0.0,0.0,1,1,4.0,3,1,0,0,0,0,1,0,0,1.0,1,0,0.0,0.0,0.3333333333333333,0.5,0.3333333333333333,0.8333333333333333,0.0,0.0,0.0,0.0,0.0,,,,,,,,,,,,,,,,,,,,,,,,,,,1.0,1.0,4.0,3.0,1.0,0.0,0.0,0.0,0.0,1.0,0.0,0.0,1.0,1.0,0.0,0.0,0.0,0.3333333333333333,0.5,0.3333333333333333,0.8333333333333333,0.0,0.0,0.0,0.0,0.0,1.0,3.0,8.0,8.0,1.0,1.0,0.0,0.0,0.0,0.0,0.0,2.0,0.0,2.0,1.0,0.0,0.0,0.125,0.125,0.25,0.375,0.125,0.0,0.25,0.0,0.0,1.0,1.0,3.0,3.0,1.0,0.0,0.0,0.0,0.0,0.0,0.0,0.0,0.0,1.0,0.0,0.0,0.0,0.3333333333333333,0.3333333333333333,0.3333333333333333,0.6666666666666666,0.0,0.0,0.0,0.0,0.0,1,7,21.0,19,4,0,0,0,1,1,0,6,0.0,4,0,1.0,0.0,0.21052631578947367,0.2857142857142857,0.21052631578947367,0.49624060150375937,0.0,0.047619047619047616,0.2857142857142857,0.047619047619047616,0.0,1,5,15.0,14,3,1,0,0,0,1,0,2,1.0,4,1,0.0,0.0,0.21428571428571427,0.26666666666666666,0.2857142857142857,0.5523809523809524,0.07142857142857142,0.0,0.13333333333333333,0.0,0.0,20260186.0,6.0,2.0,3,3,1,3,12.0,46,2.0,True,False,True,18.0,0.0,0,1,0,1,21.0,6.0,6.0,-2.0,False,True,False,False,True,True,True,True,False,True,True,False,True,False,True,False
20260193,2026-05-12 18:30:00,KT,away,5.0,1.0,1,4.0,5,normal_40_60,mild_20_25,맑음,1,4,12.0,10,1,1,0,0,2,0,0,2,0.0,2,1,0.0,0.0,0.1,0.25,0.2,0.45,0.1,0.16666666666666666,0.16666666666666666,0.0,0.0,1,1,4.0,3,0,0,0,0,1,0,0,1,0.0,0,0,0.0,0.0,0.0,0.25,0.0,0.25,0.0,0.25,0.25,0.0,0.0,,,,,,,,,,,,,,,,,,,,,,,,,,,1.0,1.0,4.0,3.0,0.0,0.0,0.0,0.0,1.0,0.0,0.0,1.0,0.0,0.0,0.0,0.0,0.0,0.0,0.25,0.0,0.25,0.0,0.25,0.25,0.0,0.0,1.0,3.0,8.0,7.0,1.0,1.0,0.0,0.0,1.0,0.0,0.0,1.0,0.0,2.0,1.0,0.0,0.0,0.14285714285714285,0.25,0.2857142857142857,0.5357142857142857,0.14285714285714285,0.125,0.125,0.0,0.0,1.0,1.0,4.0,4.0,1.0,0.0,0.0,0.0,0.0,0.0,0.0,1.0,0.0,1.0,0.0,0.0,0.0,0.25,0.25,0.25,0.5,0.0,0.0,0.25,0.0,0.0,1,5,22.0,20,7,2,1,2,1,0,1,3,1.0,17,4,5.0,0.0,0.35,0.36363636363636365,0.85,1.2136363636363636,0.5,0.045454545454545456,0.13636363636363635,0.22727272727272727,0.09090909090909091,1,5,16.0,14,2,1,0,0,2,0,0,3,0.0,3,1,0.0,0.0,0.14285714285714285,0.25,0.21428571428571427,0.4642857142857143,0.07142857142857142,0.125,0.1875,0.0,0.0,20260193.0,15.0,1.0,1,6,0,2,22.0,90,5.0,False,False,False,12.0,0.0,0,5,0,1,17.0,4.0,4.0,4.0,False,False,False,False,True,True,True,True,True,True,True,False,False,False,True,False
20260198,2026-05-13 18:30:00,KT,away,4.0,18.0,0,-14.0,5,normal_40_60,mild_20_25,맑음,1,4,12.0,12,4,0,0,0,0,0,0,1,0.0,4,1,2.0,0.0,0.3333333333333333,0.3333333333333333,0.3333333333333333,0.6666666666666666,0.0,0.0,0.08333333333333333,0.16666666666666666,0.0,1,2,4.0,4,2,0,0,0,0,0,0,1,0.0,2,0,2.0,0.0,0.5,0.5,0.5,1.0,0.0,0.0,0.25,0.5,0.0,,,,,,,,,,,,,,,,,,,,,,,,,,,1.0,2.0,4.0,4.0,2.0,0.0,0.0,0.0,0.0,0.0,0.0,1.0,0.0,2.0,0.0,2.0,0.0,0.5,0.5,0.5,1.0,0.0,0.0,0.25,0.5,0.0,1.0,2.0,8.0,8.0,2.0,0.0,0.0,0.0,0.0,0.0,0.0,0.0,0.0,2.0,1.0,0.0,0.0,0.25,0.25,0.25,0.5,0.0,0.0,0.0,0.0,0.0,1.0,1.0,4.0,3.0,1.0,0.0,0.0,0.0,1.0,0.0,0.0,1.0,0.0,1.0,0.0,0.0,0.0,0.3333333333333333,0.5,0.3333333333333333,0.8333333333333333,0.0,0.25,0.25,0.0,0.0,1,9,23.0,22,5,2,0,0,1,0,0,5,0.0,7,3,2.0,0.0,0.22727272727272727,0.2608695652173913,0.3181818181818182,0.5790513833992095,0.09090909090909091,0.043478260869565216,0.21739130434782608,0.08695652173913043,0.0,1,5,16.0,15,5,0,0,0,1,0,0,2,0.0,5,1,2.0,0.0,0.3333333333333333,0.375,0.3333333333333333,0.7083333333333333,0.0,0.0625,0.125,0.125,0.0,20260198.0,9.0,9.0,9,9,1,4,22.0,91,3.0,True,False,True,15.0,9.0,9,11,1,6,31.0,5.0,5.0,-14.0,True,True,True,True,False,True,True,False,False,True,True,False,False,True,True,False
20260203,2026-05-14 18:30:00,KT,away,16.0,10.0,1,6.0,5,normal_40_60,warm_25+,맑음,1,4,15.0,15,6,1,0,0,0,0,0,2,0.0,7,4,6.0,1.0,0.4,0.4,0.4666666666666667,0.8666666666666667,0.06666666666666665,0.0,0.13333333333333333,0.4,0.0,1,1,5.0,5,3,0,0,0,0,0,0,0,0.0,3,2,3.0,0.0,0.6,0.6,0.6,1.2,0.0,0.0,0.0,0.6,0.0,,,,,,,,,,,,,,,,,,,,,,,,,,,1.0,1.0,5.0,5.0,3.0,0.0,0.0,0.0,0.0,0.0,0.0,0.0,0.0,3.0,2.0,3.0,0.0,0.6,0.6,0.6,1.2,0.0,0.0,0.0,0.6,0.0,1.0,3.0,10.0,10.0,3.0,1.0,0.0,0.0,0.0,0.0,0.0,2.0,0.0,4.0,2.0,3.0,1.0,0.3,0.3,0.4,0.7,0.10000000000000003,0.0,0.2,0.3,0.0,1.0,2.0,5.0,3.0,1.0,0.0,0.0,1.0,2.0,0.0,0.0,0.0,0.0,4.0,3.0,3.0,0.0,0.3333333333333333,0.6,1.3333333333333333,1.9333333333333331,1.0,0.4,0.0,0.6,0.2,1,5,26.0,23,6,0,0,1,2,0,1,1,0.0,9,9,5.0,1.0,0.2608695652173913,0.3076923076923077,0.391304347826087,0.6989966555183946,0.13043478260869568,0.07692307692307693,0.038461538461538464,0.19230769230769232,0.038461538461538464,1,6,20.0,18,7,1,0,1,2,0,0,2,0.0,11,7,9.0,1.0,0.3888888888888889,0.45,0.6111111111111112,1.0611111111111111,0.22222222222222227,0.1,0.1,0.45,0.05,20260203.0,5.0,6.0,6,4,2,5,14.0,58,1.6666666666666667,True,False,True,22.0,3.0,4,5,1,2,28.0,7.333333333333333,7.333333333333333,6.0,True,True,True,False,False,False,True,False,False,True,False,False,False,True,True,False
20260207,2026-05-15 18:30:00,LG,home,7.0,8.0,0,-1.0,5,normal_40_60,mild_20_25,맑음,1,3,11.0,10,2,0,0,1,1,0,0,1,0.0,5,2,4.0,0.0,0.2,0.2727272727272727,0.5,0.7727272727272727,0.3,0.09090909090909091,0.09090909090909091,0.36363636363636365,0.09090909090909091,1,1,4.0,3,1,0,0,0,1,0,0,1,0.0,1,1,0.0,0.0,0.3333333333333333,0.5,0.3333333333333333,0.8333333333333333,0.0,0.25,0.25,0.0,0.0,,,,,,,,,,,,,,,,,,,,,,,,,,,1.0,1.0,4.0,3.0,1.0,0.0,0.0,0.0,1.0,0.0,0.0,1.0,0.0,1.0,1.0,0.0,0.0,0.3333333333333333,0.5,0.3333333333333333,0.8333333333333333,0.0,0.25,0.25,0.0,0.0,1.0,2.0,7.0,7.0,1.0,0.0,0.0,1.0,0.0,0.0,0.0,0.0,0.0,4.0,1.0,4.0,0.0,0.14285714285714285,0.14285714285714285,0.5714285714285714,0.7142857142857142,0.42857142857142855,0.0,0.0,0.5714285714285714,0.14285714285714285,1.0,1.0,5.0,3.0,1.0,0.0,0.0,0.0,1.0,0.0,1.0,1.0,0.0,1.0,1.0,2.0,0.0,0.3333333333333333,0.4,0.3333333333333333,0.7333333333333334,0.0,0.2,0.2,0.4,0.0,1,6,22.0,20,3,0,0,0,2,0,0,2,1.0,3,4,1.0,1.0,0.15,0.22727272727272727,0.15,0.37727272727272726,0.0,0.09090909090909091,0.09090909090909091,0.045454545454545456,0.0,1,4,16.0,13,3,0,0,1,2,0,1,2,0.0,6,3,6.0,0.0,0.23076923076923078,0.3125,0.46153846153846156,0.7740384615384616,0.23076923076923078,0.125,0.125,0.375,0.0625,20260207.0,12.0,3.0,3,6,0,4,22.0,96,4.0,True,False,False,15.0,5.0,5,5,1,7,27.0,5.0,5.0,-1.0,False,True,True,True,False,False,False,True,False,True,False,False,False,True,False,False
20260212,2026-05-16 17:00:00,LG,home,4.0,3.0,1,1.0,5,dry_<=40,warm_25+,맑음,1,6,16.0,14,6,1,0,0,2,0,0,2,0.0,7,2,1.0,0.0,0.42857142857142855,0.5,0.5,1.0,0.07142857142857145,0.125,0.125,0.0625,0.0,1,3,10.0,9,4,1,0,0,1,0,0,1,0.0,5,1,1.0,0.0,0.4444444444444444,0.5,0.5555555555555556,1.0555555555555556,0.11111111111111116,0.1,0.1,0.1,0.0,,,,,,,,,,,,,,,,,,,,,,,,,,,1.0,3.0,10.0,9.0,4.0,1.0,0.0,0.0,1.0,0.0,0.0,1.0,0.0,5.0,1.0,1.0,0.0,0.4444444444444444,0.5,0.5555555555555556,1.0555555555555556,0.11111111111111116,0.1,0.1,0.1,0.0,1.0,3.0,6.0,5.0,2.0,0.0,0.0,0.0,1.0,0.0,0.0,1.0,0.0,2.0,1.0,0.0,0.0,0.4,0.5,0.4,0.9,0.0,0.16666666666666666,0.16666666666666666,0.0,0.0,,,,,,,,,,,,,,,,,,,,,,,,,,,1,5,23.0,19,7,0,0,0,2,0,2,1,1.0,7,2,3.0,1.0,0.3684210526315789,0.391304347826087,0.3684210526315789,0.7597254004576659,0.0,0.08695652173913043,0.043478260869565216,0.13043478260869565,0.0,1,6,16.0,14,6,1,0,0,2,0,0,2,0.0,7,2,1.0,0.0,0.42857142857142855,0.5,0.5,1.0,0.07142857142857145,0.125,0.125,0.0625,0.0,20260212.0,15.0,2.0,2,3,1,2,19.0,86,5.0,False,False,False,12.0,0.0,1,1,0,2,15.0,4.0,4.0,1.0,False,False,False,False,False,True,True,False,False,True,True,False,False,False,False,False
20260217,2026-05-17 14:00:00,LG,home,4.0,6.0,0,-2.0,5,dry_<=40,warm_25+,맑음,1,3,12.0,11,3,0,0,2,1,0,0,2,1.0,9,2,2.0,0.0,0.2727272727272727,0.3333333333333333,0.8181818181818182,1.1515151515151516,0.5454545454545455,0.08333333333333333,0.16666666666666666,0.16666666666666666,0.16666666666666666,1,2,8.0,7,2,0,0,2,1,0,0,2,0.0,8,2,2.0,0.0,0.2857142857142857,0.375,1.1428571428571428,1.5178571428571428,0.8571428571428571,0.125,0.25,0.25,0.25,,,,,,,,,,,,,,,,,,,,,,,,,,,1.0,2.0,8.0,7.0,2.0,0.0,0.0,2.0,1.0,0.0,0.0,2.0,0.0,8.0,2.0,2.0,0.0,0.2857142857142857,0.375,1.1428571428571428,1.5178571428571428,0.8571428571428571,0.125,0.25,0.25,0.25,1.0,1.0,4.0,4.0,1.0,0.0,0.0,0.0,0.0,0.0,0.0,0.0,1.0,1.0,0.0,0.0,0.0,0.25,0.25,0.25,0.5,0.0,0.0,0.0,0.0,0.0,1.0,1.0,4.0,4.0,1.0,1.0,0.0,0.0,0.0,0.0,0.0,2.0,0.0,2.0,0.0,0.0,0.0,0.25,0.25,0.5,0.75,0.25,0.0,0.5,0.0,0.0,1,6,19.0,19,5,2,0,1,0,0,0,3,0.0,10,2,2.0,1.0,0.2631578947368421,0.2631578947368421,0.5263157894736842,0.7894736842105263,0.2631578947368421,0.0,0.15789473684210525,0.10526315789473684,0.05263157894736842,1,4,16.0,15,4,1,0,2,1,0,0,4,1.0,11,2,2.0,0.0,0.26666666666666666,0.3125,0.7333333333333333,1.0458333333333334,0.4666666666666666,0.0625,0.25,0.125,0.125,20260217.0,15.0,5.0,5,4,2,3,22.0,98,5.0,False,False,True,12.0,1.0,1,3,1,0,13.0,4.0,4.0,-2.0,True,False,False,False,False,True,False,False,False,True,True,False,False,True,False,False
20260222,2026-05-19 18:30:00,키움,away,6.0,7.0,0,-1.0,5,normal_40_60,mild_20_25,흐림,1,3,14.0,13,4,1,1,1,1,0,0,4,0.0,10,3,3.0,0.0,0.3076923076923077,0.35714285714285715,0.7692307692307693,1.1263736263736264,0.46153846153846156,0.07142857142857142,0.2857142857142857,0.21428571428571427,0.07142857142857142,1,1,5.0,4,1,0,0,1,1,0,0,1,0.0,4,1,2.0,0.0,0.25,0.4,1.0,1.4,0.75,0.2,0.2,0.4,0.2,,,,,,,,,,,,,,,,,,,,,,,,,,,1.0,1.0,5.0,4.0,1.0,0.0,0.0,1.0,1.0,0.0,0.0,1.0,0.0,4.0,1.0,2.0,0.0,0.25,0.4,1.0,1.4,0.75,0.2,0.2,0.4,0.2,1.0,2.0,9.0,9.0,3.0,1.0,1.0,0.0,0.0,0.0,0.0,3.0,0.0,6.0,2.0,1.0,0.0,0.3333333333333333,0.3333333333333333,0.6666666666666666,1.0,0.3333333333333333,0.0,0.3333333333333333,0.1111111111111111,0.0,1.0,1.0,5.0,3.0,1.0,0.0,0.0,0.0,1.0,1.0,0.0,2.0,0.0,1.0,1.0,1.0,0.0,0.3333333333333333,0.6,0.3333333333333333,0.9333333333333333,0.0,0.2,0.4,0.2,0.0,1,8,23.0,18,5,0,0,0,3,0,1,1,1.0,5,2,2.0,0.0,0.2777777777777778,0.36363636363636365,0.2777777777777778,0.6414141414141414,0.0,0.13043478260869565,0.043478260869565216,0.08695652173913043,0.0,1,4,19.0,16,5,1,1,1,2,1,0,6,0.0,11,4,4.0,0.0,0.3125,0.42105263157894735,0.6875,1.1085526315789473,0.375,0.10526315789473684,0.3157894736842105,0.21052631578947367,0.05263157894736842,20260222.0,15.0,3.0,4,8,0,3,27.0,86,5.0,False,False,False,10.0,3.0,3,4,1,1,15.0,3.3333333333333335,3.3333333333333335,-1.0,False,False,True,False,False,False,False,False,False,True,False,True,False,True,True,False
20260227,2026-05-20 18:30:00,키움,away,5.0,6.0,0,-1.0,5,humid_60+,cool_15_20,비,1,4,14.0,13,4,2,0,0,0,0,1,4,0.0,6,3,1.0,0.0,0.3076923076923077,0.2857142857142857,0.46153846153846156,0.7472527472527473,0.15384615384615385,0.0,0.2857142857142857,0.07142857142857142,0.0,1,2,10.0,9,3,2,0,0,0,0,1,3,0.0,5,2,1.0,0.0,0.3333333333333333,0.3,0.5555555555555556,0.8555555555555556,0.22222222222222227,0.0,0.3,0.1,0.0,,,,,,,,,,,,,,,,,,,,,,,,,,,1.0,2.0,10.0,9.0,3.0,2.0,0.0,0.0,0.0,0.0,1.0,3.0,0.0,5.0,2.0,1.0,0.0,0.3333333333333333,0.3,0.5555555555555556,0.8555555555555556,0.22222222222222227,0.0,0.3,0.1,0.0,1.0,2.0,4.0,4.0,1.0,0.0,0.0,0.0,0.0,0.0,0.0,1.0,0.0,1.0,1.0,0.0,0.0,0.25,0.25,0.25,0.5,0.0,0.0,0.25,0.0,0.0,1.0,1.0,4.0,4.0,0.0,0.0,0.0,0.0,0.0,0.0,0.0,3.0,0.0,0.0,0.0,0.0,0.0,0.0,0.0,0.0,0.0,0.0,0.0,0.75,0.0,0.0,1,6,22.0,19,8,1,1,0,1,0,0,3,0.0,11,2,4.0,2.0,0.42105263157894735,0.45,0.5789473684210527,1.0289473684210526,0.1578947368421053,0.045454545454545456,0.13636363636363635,0.18181818181818182,0.0,1,5,18.0,17,4,2,0,0,0,0,1,7,0.0,6,3,1.0,0.0,0.23529411764705882,0.2222222222222222,0.35294117647058826,0.5751633986928104,0.11764705882352944,0.0,0.3888888888888889,0.05555555555555555,0.0,20260227.0,16.0,1.0,2,5,1,1,24.0,97,5.333333333333333,False,False,False,10.0,4.0,4,6,1,0,18.0,3.3333333333333335,3.3333333333333335,-1.0,False,False,True,False,False,True,True,False,False,True,True,True,False,True,True,True
20260232,2026-05-21 18:30:00,키움,away,0.0,6.0,0,-6.0,5,humid_60+,mild_20_25,흐림,1,3,11.0,10,0,0,0,0,1,0,0,2,0.0,0,0,0.0,0.0,0.0,0.09090909090909091,0.0,0.09090909090909091,0.0,0.09090909090909091,0.18181818181818182,0.0,0.0,1,2,8.0,7,0,0,0,0,1,0,0,1,0.0,0,0,0.0,0.0,0.0,0.125,0.0,0.125,0.0,0.125,0.125,0.0,0.0,,,,,,,,,,,,,,,,,,,,,,,,,,,1.0,2.0,8.0,7.0,0.0,0.0,0.0,0.0,1.0,0.0,0.0,1.0,0.0,0.0,0.0,0.0,0.0,0.0,0.125,0.0,0.125,0.0,0.125,0.125,0.0,0.0,1.0,1.0,3.0,3.0,0.0,0.0,0.0,0.0,0.0,0.0,0.0,1.0,0.0,0.0,0.0,0.0,0.0,0.0,0.0,0.0,0.0,0.0,0.0,0.3333333333333333,0.0,0.0,1.0,1.0,3.0,3.0,1.0,1.0,0.0,0.0,0.0,0.0,0.0,1.0,0.0,2.0,0.0,0.0,0.0,0.3333333333333333,0.3333333333333333,0.6666666666666666,1.0,0.3333333333333333,0.0,0.3333333333333333,0.0,0.0,1,5,16.0,16,1,0,0,0,0,0,0,5,0.0,1,0,0.0,0.0,0.0625,0.0625,0.0625,0.125,0.0,0.0,0.3125,0.0,0.0,1,4,14.0,13,1,1,0,0,1,0,0,3,0.0,2,0,0.0,0.0,0.07692307692307693,0.14285714285714285,0.15384615384615385,0.2967032967032967,0.07692307692307693,0.07142857142857142,0.21428571428571427,0.0,0.0,20260232.0,15.0,4.0,4,5,1,2,23.0,101,5.0,False,False,False,9.0,2.0,2,4,0,2,15.0,3.0,3.0,-6.0,True,False,False,False,True,True,True,True,True,True,True,False,True,True,True,True
20260239,2026-05-22 18:30:00,KIA,away,2.0,5.0,0,-3.0,5,humid_60+,mild_20_25,흐림,1,3,11.0,10,2,0,0,0,1,0,0,1,1.0,2,1,0.0,2.0,0.2,0.2727272727272727,0.2,0.4727272727272727,0.0,0.09090909090909091,0.09090909090909091,0.0,0.0,1,1,4.0,4,0,0,0,0,0,0,0,0,1.0,0,0,0.0,0.0,0.0,0.0,0.0,0.0,0.0,0.0,0.0,0.0,0.0,,,,,,,,,,,,,,,,,,,,,,,,,,,1.0,1.0,4.0,4.0,0.0,0.0,0.0,0.0,0.0,0.0,0.0,0.0,1.0,0.0,0.0,0.0,0.0,0.0,0.0,0.0,0.0,0.0,0.0,0.0,0.0,0.0,1.0,2.0,7.0,6.0,2.0,0.0,0.0,0.0,1.0,0.0,0.0,1.0,0.0,2.0,1.0,0.0,2.0,0.3333333333333333,0.42857142857142855,0.3333333333333333,0.7619047619047619,0.0,0.14285714285714285,0.14285714285714285,0.0,0.0,1.0,1.0,4.0,3.0,0.0,0.0,0.0,0.0,1.0,0.0,0.0,2.0,0.0,0.0,0.0,0.0,0.0,0.0,0.25,0.0,0.25,0.0,0.25,0.5,0.0,0.0,1,6,20.0,19,6,1,0,0,1,0,0,4,1.0,7,1,1.0,0.0,0.3157894736842105,0.35,0.3684210526315789,0.7184210526315788,0.05263157894736842,0.05,0.2,0.05,0.0,1,4,15.0,13,2,0,0,0,2,0,0,3,1.0,2,1,0.0,2.0,0.15384615384615385,0.26666666666666666,0.15384615384615385,0.4205128205128205,0.0,0.13333333333333333,0.2,0.0,0.0,20260239.0,16.0,3.0,3,5,0,2,23.0,81,5.333333333333333,False,False,False,8.0,2.0,2,4,1,1,12.0,2.6666666666666665,2.6666666666666665,-3.0,False,False,False,False,True,True,True,True,True,True,True,False,True,False,True,True
20260244,2026-05-23 17:00:00,KIA,away,4.0,5.0,0,-1.0,5,humid_60+,mild_20_25,흐림,1,3,11.0,10,3,1,0,1,1,0,0,3,0.0,7,1,3.0,0.0,0.3,0.36363636363636365,0.7,1.0636363636363635,0.39999999999999997,0.09090909090909091,0.2727272727272727,0.2727272727272727,0.09090909090909091,1,1,4.0,3,1,0,0,0,1,0,0,0,0.0,1,0,0.0,0.0,0.3333333333333333,0.5,0.3333333333333333,0.8333333333333333,0.0,0.25,0.0,0.0,0.0,,,,,,,,,,,,,,,,,,,,,,,,,,,1.0,1.0,4.0,3.0,1.0,0.0,0.0,0.0,1.0,0.0,0.0,0.0,0.0,1.0,0.0,0.0,0.0,0.3333333333333333,0.5,0.3333333333333333,0.8333333333333333,0.0,0.25,0.0,0.0,0.0,1.0,2.0,7.0,7.0,2.0,1.0,0.0,1.0,0.0,0.0,0.0,3.0,0.0,6.0,1.0,3.0,0.0,0.2857142857142857,0.2857142857142857,0.8571428571428571,1.1428571428571428,0.5714285714285714,0.0,0.42857142857142855,0.42857142857142855,0.14285714285714285,1.0,1.0,4.0,3.0,2.0,0.0,0.0,0.0,1.0,0.0,0.0,0.0,0.0,2.0,1.0,0.0,1.0,0.6666666666666666,0.75,0.6666666666666666,1.4166666666666665,0.0,0.25,0.0,0.0,0.0,1,5,22.0,18,2,0,0,0,2,0,0,4,0.0,2,2,0.0,0.0,0.1111111111111111,0.2,0.1111111111111111,0.3111111111111111,0.0,0.09090909090909091,0.18181818181818182,0.0,0.0,1,4,15.0,13,5,1,0,1,2,0,0,3,0.0,9,2,3.0,1.0,0.38461538461538464,0.4666666666666667,0.6923076923076923,1.1589743589743589,0.30769230769230765,0.13333333333333333,0.2,0.2,0.06666666666666667,20260244.0,16.0,0.0,1,4,0,4,24.0,101,5.333333333333333,False,False,False,8.0,3.0,4,6,1,0,13.0,2.6666666666666665,2.6666666666666665,-1.0,False,False,True,False,False,False,False,True,False,True,False,False,False,False,True,True
20260249,2026-05-24 14:00:00,KIA,away,2.0,3.0,0,-1.0,5,normal_40_60,warm_25+,흐림,1,3,12.0,12,3,0,0,0,0,0,0,5,0.0,3,0,2.0,0.0,0.25,0.25,0.25,0.5,0.0,0.0,0.4166666666666667,0.16666666666666666,0.0,1,2,8.0,8,3,0,0,0,0,0,0,4,0.0,3,0,2.0,0.0,0.375,0.375,0.375,0.75,0.0,0.0,0.5,0.25,0.0,,,,,,,,,,,,,,,,,,,,,,,,,,,1.0,2.0,8.0,8.0,3.0,0.0,0.0,0.0,0.0,0.0,0.0,4.0,0.0,3.0,0.0,2.0,0.0,0.375,0.375,0.375,0.75,0.0,0.0,0.5,0.25,0.0,1.0,1.0,4.0,4.0,0.0,0.0,0.0,0.0,0.0,0.0,0.0,1.0,0.0,0.0,0.0,0.0,0.0,0.0,0.0,0.0,0.0,0.0,0.0,0.25,0.0,0.0,1.0,2.0,3.0,2.0,0.0,0.0,0.0,0.0,1.0,0.0,0.0,1.0,0.0,0.0,0.0,0.0,0.0,0.0,0.3333333333333333,0.0,0.3333333333333333,0.0,0.3333333333333333,0.3333333333333333,0.0,0.0,1,5,17.0,17,2,1,0,0,0,0,0,7,0.0,3,2,0.0,0.0,0.11764705882352941,0.11764705882352941,0.17647058823529413,0.29411764705882354,0.05882352941176472,0.0,0.4117647058823529,0.0,0.0,1,5,15.0,14,3,0,0,0,1,0,0,6,0.0,3,0,2.0,0.0,0.21428571428571427,0.26666666666666666,0.21428571428571427,0.4809523809523809,0.0,0.06666666666666667,0.4,0.13333333333333333,0.0,20260249.0,18.0,3.0,3,4,1,1,23.0,82,6.0,False,True,False,6.0,0.0,0,1,0,0,7.0,2.0,2.0,-1.0,False,False,False,False,False,True,True,False,False,True,True,True,True,False,True,False
20260258,2026-05-27 18:30:00,삼성,home,1.0,4.0,0,-3.0,5,humid_60+,mild_20_25,비,1,3,12.0,10,1,0,0,0,1,1,0,1,0.0,1,1,0.0,0.0,0.1,0.25,0.1,0.35,0.0,0.08333333333333333,0.08333333333333333,0.0,0.0,1,2,8.0,6,1,0,0,0,1,1,0,1,0.0,1,1,0.0,0.0,0.16666666666666666,0.375,0.16666666666666666,0.5416666666666666,0.0,0.125,0.125,0.0,0.0,,,,,,,,,,,,,,,,,,,,,,,,,,,1.0,2.0,8.0,6.0,1.0,0.0,0.0,0.0,1.0,1.0,0.0,1.0,0.0,1.0,1.0,0.0,0.0,0.16666666666666666,0.375,0.16666666666666666,0.5416666666666666,0.0,0.125,0.125,0.0,0.0,1.0,1.0,4.0,4.0,0.0,0.0,0.0,0.0,0.0,0.0,0.0,0.0,0.0,0.0,0.0,0.0,0.0,0.0,0.0,0.0,0.0,0.0,0.0,0.0,0.0,0.0,1.0,1.0,4.0,4.0,1.0,0.0,0.0,0.0,0.0,0.0,0.0,2.0,0.0,1.0,0.0,0.0,0.0,0.25,0.25,0.25,0.5,0.0,0.0,0.5,0.0,0.0,1,6,18.0,16,3,0,0,0,1,0,0,5,0.0,3,0,0.0,0.0,0.1875,0.23529411764705882,0.1875,0.4227941176470588,0.0,0.05555555555555555,0.2777777777777778,0.0,0.0,1,4,16.0,14,2,0,0,0,1,1,0,3,0.0,2,1,0.0,0.0,0.14285714285714285,0.25,0.14285714285714285,0.39285714285714285,0.0,0.0625,0.1875,0.0,0.0,20260258.0,14.0,2.0,2,6,1,3,24.0,101,4.666666666666667,True,False,False,13.0,2.0,2,2,0,7,20.0,4.333333333333333,4.333333333333333,-3.0,False,False,False,True,True,True,True,True,False,True,True,False,True,False,False,True
20260263,2026-05-28 18:30:00,삼성,home,1.0,10.0,0,-9.0,5,humid_60+,mild_20_25,맑음,1,4,11.0,10,1,0,0,0,1,0,0,3,0.0,1,0,0.0,0.0,0.1,0.18181818181818182,0.1,0.28181818181818186,0.0,0.09090909090909091,0.2727272727272727,0.0,0.0,1,3,8.0,7,1,0,0,0,1,0,0,2,0.0,1,0,0.0,0.0,0.14285714285714285,0.25,0.14285714285714285,0.39285714285714285,0.0,0.125,0.25,0.0,0.0,,,,,,,,,,,,,,,,,,,,,,,,,,,1.0,3.0,8.0,7.0,1.0,0.0,0.0,0.0,1.0,0.0,0.0,2.0,0.0,1.0,0.0,0.0,0.0,0.14285714285714285,0.25,0.14285714285714285,0.39285714285714285,0.0,0.125,0.25,0.0,0.0,1.0,1.0,3.0,3.0,0.0,0.0,0.0,0.0,0.0,0.0,0.0,1.0,0.0,0.0,0.0,0.0,0.0,0.0,0.0,0.0,0.0,0.0,0.0,0.3333333333333333,0.0,0.0,1.0,1.0,4.0,4.0,1.0,0.0,0.0,1.0,0.0,0.0,0.0,3.0,0.0,4.0,1.0,1.0,0.0,0.25,0.25,1.0,1.25,0.75,0.0,0.75,0.25,0.25,1,6,18.0,15,2,1,0,0,3,0,0,5,0.0,3,0,0.0,0.0,0.13333333333333333,0.2777777777777778,0.2,0.4777777777777778,0.06666666666666668,0.16666666666666666,0.2777777777777778,0.0,0.0,1,5,15.0,14,2,0,0,1,1,0,0,6,0.0,5,1,1.0,0.0,0.14285714285714285,0.2,0.35714285714285715,0.5571428571428572,0.2142857142857143,0.06666666666666667,0.4,0.06666666666666667,0.06666666666666667,20260263.0,12.0,4.0,4,4,3,2,18.0,82,4.0,True,False,False,15.0,6.0,6,5,2,5,24.0,5.0,5.0,-9.0,True,True,True,True,True,True,True,True,True,True,True,True,True,True,False,True
20260268,2026-05-29 18:30:00,한화,away,3.0,4.0,0,-1.0,5,dry_<=40,warm_25+,맑음,1,3,12.0,11,2,0,1,0,1,0,0,1,0.0,4,1,0.0,0.0,0.18181818181818182,0.25,0.36363636363636365,0.6136363636363636,0.18181818181818182,0.08333333333333333,0.08333333333333333,0.0,0.0,1,2,8.0,8,1,0,0,0,0,0,0,1,0.0,1,0,0.0,0.0,0.125,0.125,0.125,0.25,0.0,0.0,0.125,0.0,0.0,,,,,,,,,,,,,,,,,,,,,,,,,,,1.0,2.0,8.0,8.0,1.0,0.0,0.0,0.0,0.0,0.0,0.0,1.0,0.0,1.0,0.0,0.0,0.0,0.125,0.125,0.125,0.25,0.0,0.0,0.125,0.0,0.0,1.0,1.0,4.0,3.0,1.0,0.0,1.0,0.0,1.0,0.0,0.0,0.0,0.0,3.0,1.0,0.0,0.0,0.3333333333333333,0.5,1.0,1.5,0.6666666666666667,0.25,0.0,0.0,0.0,1.0,1.0,4.0,4.0,0.0,0.0,0.0,0.0,0.0,0.0,0.0,2.0,0.0,0.0,0.0,0.0,0.0,0.0,0.0,0.0,0.0,0.0,0.0,0.5,0.0,0.0,1,5,18.0,15,3,1,0,1,2,0,0,4,0.0,7,2,3.0,0.0,0.2,0.29411764705882354,0.4666666666666667,0.7607843137254902,0.26666666666666666,0.1111111111111111,0.2222222222222222,0.16666666666666666,0.05555555555555555,1,4,16.0,15,2,0,1,0,1,0,0,3,0.0,4,1,0.0,0.0,0.13333333333333333,0.1875,0.26666666666666666,0.45416666666666666,0.13333333333333333,0.0625,0.1875,0.0,0.0,20260268.0,15.0,2.0,2,4,1,0,19.0,66,5.0,False,False,False,9.0,2.0,2,3,1,1,13.0,3.0,3.0,-1.0,False,False,False,False,True,True,True,True,True,True,True,False,True,False,True,False
20260273,2026-05-30 17:00:00,한화,away,10.0,13.0,0,-3.0,5,dry_<=40,warm_25+,맑음,1,4,14.0,12,2,0,0,0,1,1,0,2,1.0,2,2,0.0,0.0,0.16666666666666666,0.2857142857142857,0.16666666666666666,0.45238095238095233,0.0,0.07142857142857142,0.14285714285714285,0.0,0.0,1,1,5.0,3,0,0,0,0,1,1,0,1,0.0,0,1,0.0,0.0,0.0,0.4,0.0,0.4,0.0,0.2,0.2,0.0,0.0,,,,,,,,,,,,,,,,,,,,,,,,,,,1.0,1.0,5.0,3.0,0.0,0.0,0.0,0.0,1.0,1.0,0.0,1.0,0.0,0.0,1.0,0.0,0.0,0.0,0.4,0.0,0.4,0.0,0.2,0.2,0.0,0.0,1.0,3.0,9.0,9.0,2.0,0.0,0.0,0.0,0.0,0.0,0.0,1.0,1.0,2.0,1.0,0.0,0.0,0.2222222222222222,0.2222222222222222,0.2222222222222222,0.4444444444444444,0.0,0.0,0.1111111111111111,0.0,0.0,1.0,1.0,5.0,5.0,3.0,0.0,0.0,1.0,0.0,0.0,0.0,1.0,0.0,6.0,1.0,4.0,0.0,0.6,0.6,1.2,1.7999999999999998,0.6,0.0,0.2,0.8,0.2,1,5,23.0,20,8,1,0,2,1,0,1,1,2.0,15,7,6.0,0.0,0.4,0.4090909090909091,0.75,1.1590909090909092,0.35,0.043478260869565216,0.043478260869565216,0.2608695652173913,0.08695652173913043,1,5,19.0,17,5,0,0,1,1,1,0,3,1.0,8,3,4.0,0.0,0.29411764705882354,0.3684210526315789,0.47058823529411764,0.8390092879256965,0.1764705882352941,0.05263157894736842,0.15789473684210525,0.21052631578947367,0.05263157894736842,20260273.0,7.0,7.0,7,7,0,3,18.0,71,2.3333333333333335,True,False,True,17.0,6.0,6,6,2,4,28.0,5.666666666666667,5.666666666666667,-3.0,True,True,True,True,True,True,True,True,False,True,False,False,False,True,True,False
20260278,2026-05-31 14:00:00,한화,away,2.0,6.0,0,-4.0,5,dry_<=40,warm_25+,맑음,1,3,10.0,9,0,0,0,0,1,0,0,2,1.0,0,0,0.0,0.0,0.0,0.1,0.0,0.1,0.0,0.1,0.2,0.0,0.0,1,1,4.0,3,0,0,0,0,1,0,0,1,0.0,0,0,0.0,0.0,0.0,0.25,0.0,0.25,0.0,0.25,0.25,0.0,0.0,,,,,,,,,,,,,,,,,,,,,,,,,,,1.0,1.0,4.0,3.0,0.0,0.0,0.0,0.0,1.0,0.0,0.0,1.0,0.0,0.0,0.0,0.0,0.0,0.0,0.25,0.0,0.25,0.0,0.25,0.25,0.0,0.0,1.0,2.0,6.0,6.0,0.0,0.0,0.0,0.0,0.0,0.0,0.0,1.0,1.0,0.0,0.0,0.0,0.0,0.0,0.0,0.0,0.0,0.0,0.0,0.16666666666666666,0.0,0.0,1.0,1.0,4.0,3.0,0.0,0.0,0.0,0.0,1.0,0.0,0.0,1.0,0.0,0.0,0.0,0.0,0.0,0.0,0.25,0.0,0.25,0.0,0.25,0.25,0.0,0.0,1,5,18.0,16,4,1,0,0,2,0,0,4,1.0,5,2,2.0,1.0,0.25,0.3333333333333333,0.3125,0.6458333333333333,0.0625,0.1111111111111111,0.2222222222222222,0.1111111111111111,0.0,1,4,14.0,12,0,0,0,0,2,0,0,3,1.0,0,0,0.0,0.0,0.0,0.14285714285714285,0.0,0.14285714285714285,0.0,0.14285714285714285,0.21428571428571427,0.0,0.0,20260278.0,15.0,2.0,2,7,0,1,21.0,78,5.0,False,False,False,9.0,4.0,4,6,0,2,16.0,3.0,3.0,-4.0,False,False,True,False,True,True,True,True,True,True,True,False,True,True,True,False
20260282,2026-06-02 18:30:00,키움,home,6.0,12.0,0,-6.0,6,normal_40_60,warm_25+,맑음,1,3,12.0,11,2,0,0,2,1,0,0,1,0.0,8,2,2.0,0.0,0.18181818181818182,0.25,0.7272727272727273,0.9772727272727273,0.5454545454545454,0.08333333333333333,0.08333333333333333,0.16666666666666666,0.16666666666666666,1,1,4.0,4,0,0,0,0,0,0,0,1,0.0,0,0,0.0,0.0,0.0,0.0,0.0,0.0,0.0,0.0,0.25,0.0,0.0,,,,,,,,,,,,,,,,,,,,,,,,,,,1.0,1.0,4.0,4.0,0.0,0.0,0.0,0.0,0.0,0.0,0.0,1.0,0.0,0.0,0.0,0.0,0.0,0.0,0.0,0.0,0.0,0.0,0.0,0.25,0.0,0.0,1.0,2.0,8.0,7.0,2.0,0.0,0.0,2.0,1.0,0.0,0.0,0.0,0.0,8.0,2.0,2.0,0.0,0.2857142857142857,0.375,1.1428571428571428,1.5178571428571428,0.8571428571428571,0.125,0.0,0.25,0.25,1.0,1.0,4.0,4.0,2.0,0.0,0.0,1.0,0.0,0.0,0.0,2.0,0.0,5.0,1.0,1.0,0.0,0.5,0.5,1.25,1.75,0.75,0.0,0.5,0.25,0.25,1,5,20.0,20,7,2,0,1,0,0,0,2,1.0,12,3,3.0,0.0,0.35,0.35,0.6,0.95,0.25,0.0,0.1,0.15,0.05,1,4,16.0,15,4,0,0,3,1,0,0,3,0.0,13,3,3.0,0.0,0.26666666666666666,0.3125,0.8666666666666667,1.1791666666666667,0.6000000000000001,0.0625,0.1875,0.1875,0.1875,20260282.0,19.0,5.0,5,6,3,2,27.0,100,6.333333333333333,False,False,True,8.0,7.0,7,7,0,3,18.0,2.6666666666666665,2.6666666666666665,-6.0,True,False,True,False,False,True,False,True,True,True,False,False,False,True,False,False
20260287,2026-06-03 17:00:00,키움,home,5.0,4.0,1,1.0,6,normal_40_60,warm_25+,흐림,1,5,13.0,12,3,0,0,1,0,0,1,1,0.0,6,2,3.0,1.0,0.25,0.23076923076923078,0.5,0.7307692307692308,0.25,0.0,0.07692307692307693,0.23076923076923078,0.07692307692307693,1,2,9.0,8,3,0,0,1,0,0,1,1,0.0,6,2,3.0,1.0,0.375,0.3333333333333333,0.75,1.0833333333333333,0.375,0.0,0.1111111111111111,0.3333333333333333,0.1111111111111111,1.0,1.0,5.0,4.0,2.0,0.0,0.0,0.0,0.0,0.0,1.0,1.0,0.0,2.0,1.0,1.0,1.0,0.5,0.4,0.5,0.9,0.0,0.0,0.2,0.2,0.0,1.0,1.0,4.0,4.0,1.0,0.0,0.0,1.0,0.0,0.0,0.0,0.0,0.0,4.0,1.0,2.0,0.0,0.25,0.25,1.0,1.25,0.75,0.0,0.0,0.5,0.25,1.0,3.0,4.0,4.0,0.0,0.0,0.0,0.0,0.0,0.0,0.0,0.0,0.0,0.0,0.0,0.0,0.0,0.0,0.0,0.0,0.0,0.0,0.0,0.0,0.0,0.0,1.0,2.0,4.0,1.0,0.0,0.0,0.0,0.0,2.0,1.0,0.0,1.0,0.0,0.0,0.0,0.0,0.0,0.0,0.75,0.0,0.75,0.0,0.5,0.25,0.0,0.0,1,5,21.0,17,5,1,0,1,2,0,1,4,0.0,9,2,2.0,0.0,0.29411764705882354,0.35,0.5294117647058824,0.8794117647058823,0.23529411764705882,0.09523809523809523,0.19047619047619047,0.09523809523809523,0.047619047619047616,1,7,17.0,13,3,0,0,1,2,1,1,2,0.0,6,2,3.0,1.0,0.23076923076923078,0.35294117647058826,0.46153846153846156,0.8144796380090498,0.23076923076923078,0.11764705882352941,0.11764705882352941,0.17647058823529413,0.058823529411764705,20260287.0,3.0,2.0,2,1,0,4,8.0,32,1.0,True,False,True,24.0,2.0,2,6,1,7,37.0,8.0,8.0,1.0,False,True,False,True,False,False,False,False,False,False,False,False,False,False,False,False
20260292,2026-06-04 18:30:00,키움,home,7.0,6.0,1,1.0,6,humid_60+,mild_20_25,흐림,1,4,8.0,7,1,0,0,0,1,0,0,0,0.0,1,0,0.0,0.0,0.14285714285714285,0.25,0.14285714285714285,0.39285714285714285,0.0,0.125,0.0,0.0,0.0,1,1,4.0,3,0,0,0,0,1,0,0,0,0.0,0,0,0.0,0.0,0.0,0.25,0.0,0.25,0.0,0.25,0.0,0.0,0.0,,,,,,,,,,,,,,,,,,,,,,,,,,,1.0,1.0,4.0,3.0,0.0,0.0,0.0,0.0,1.0,0.0,0.0,0.0,0.0,0.0,0.0,0.0,0.0,0.0,0.25,0.0,0.25,0.0,0.25,0.0,0.0,0.0,1.0,3.0,4.0,4.0,1.0,0.0,0.0,0.0,0.0,0.0,0.0,0.0,0.0,1.0,0.0,0.0,0.0,0.25,0.25,0.25,0.5,0.0,0.0,0.0,0.0,0.0,1.0,1.0,4.0,3.0,0.0,0.0,0.0,0.0,1.0,0.0,0.0,1.0,0.0,0.0,1.0,0.0,0.0,0.0,0.25,0.0,0.25,0.0,0.25,0.25,0.0,0.0,1,7,27.0,25,10,5,0,1,2,0,0,7,0.0,18,6,7.0,0.0,0.4,0.4444444444444444,0.72,1.1644444444444444,0.31999999999999995,0.07407407407407407,0.25925925925925924,0.25925925925925924,0.037037037037037035,1,5,12.0,10,1,0,0,0,2,0,0,1,0.0,1,1,0.0,0.0,0.1,0.25,0.1,0.35,0.0,0.16666666666666666,0.08333333333333333,0.0,0.0,20260292.0,10.0,6.0,6,5,1,3,18.0,66,3.3333333333333335,True,False,True,17.0,0.0,0,1,0,3,21.0,5.666666666666667,5.666666666666667,1.0,True,True,False,False,True,True,True,True,True,True,True,False,False,True,False,True
20260297,2026-06-05 18:30:00,KT,home,6.0,5.0,1,1.0,6,normal_40_60,mild_20_25,맑음,1,4,12.0,11,5,0,0,2,1,0,0,5,0.0,11,2,5.0,0.0,0.45454545454545453,0.5,1.0,1.5,0.5454545454545454,0.08333333333333333,0.4166666666666667,0.4166666666666667,0.16666666666666666,1,3,8.0,8,3,0,0,0,0,0,0,5,0.0,3,0,3.0,0.0,0.375,0.375,0.375,0.75,0.0,0.0,0.625,0.375,0.0,,,,,,,,,,,,,,,,,,,,,,,,,,,1.0,3.0,8.0,8.0,3.0,0.0,0.0,0.0,0.0,0.0,0.0,5.0,0.0,3.0,0.0,3.0,0.0,0.375,0.375,0.375,0.75,0.0,0.0,0.625,0.375,0.0,1.0,1.0,4.0,3.0,2.0,0.0,0.0,2.0,1.0,0.0,0.0,0.0,0.0,8.0,2.0,2.0,0.0,0.6666666666666666,0.75,2.6666666666666665,3.4166666666666665,2.0,0.25,0.0,0.5,0.5,1.0,2.0,4.0,3.0,0.0,0.0,0.0,0.0,1.0,0.0,0.0,1.0,0.0,0.0,1.0,0.0,0.0,0.0,0.25,0.0,0.25,0.0,0.25,0.25,0.0,0.0,1,6,21.0,19,5,2,0,1,2,0,0,3,0.0,10,3,1.0,0.0,0.2631578947368421,0.3333333333333333,0.5263157894736842,0.8596491228070176,0.2631578947368421,0.09523809523809523,0.14285714285714285,0.047619047619047616,0.047619047619047616,1,6,16.0,14,5,0,0,2,2,0,0,6,0.0,11,3,5.0,0.0,0.35714285714285715,0.4375,0.7857142857142857,1.2232142857142856,0.42857142857142855,0.125,0.375,0.3125,0.125,20260297.0,15.0,2.0,3,7,1,2,24.0,107,5.0,False,False,False,12.0,2.0,2,4,0,1,18.0,4.0,4.0,1.0,False,False,False,False,False,False,False,False,False,True,False,True,False,False,False,False
20260302,2026-06-06 14:00:00,KT,home,3.0,7.0,0,-4.0,6,dry_<=40,warm_25+,맑음,1,4,14.0,10,3,0,0,0,4,0,0,2,1.0,3,2,1.0,0.0,0.3,0.5,0.3,0.8,0.0,0.2857142857142857,0.14285714285714285,0.07142857142857142,0.0,1,2,10.0,7,2,0,0,0,3,0,0,1,1.0,2,2,1.0,0.0,0.2857142857142857,0.5,0.2857142857142857,0.7857142857142857,0.0,0.3,0.1,0.1,0.0,,,,,,,,,,,,,,,,,,,,,,,,,,,1.0,2.0,10.0,7.0,2.0,0.0,0.0,0.0,3.0,0.0,0.0,1.0,1.0,2.0,2.0,1.0,0.0,0.2857142857142857,0.5,0.2857142857142857,0.7857142857142857,0.0,0.3,0.1,0.1,0.0,1.0,2.0,4.0,3.0,1.0,0.0,0.0,0.0,1.0,0.0,0.0,1.0,0.0,1.0,0.0,0.0,0.0,0.3333333333333333,0.5,0.3333333333333333,0.8333333333333333,0.0,0.25,0.25,0.0,0.0,1.0,1.0,5.0,4.0,1.0,0.0,0.0,0.0,1.0,0.0,0.0,2.0,0.0,1.0,0.0,0.0,0.0,0.25,0.4,0.25,0.65,0.0,0.2,0.4,0.0,0.0,1,8,22.0,22,6,2,0,1,0,0,0,4,0.0,11,1,2.0,0.0,0.2727272727272727,0.2727272727272727,0.5,0.7727272727272727,0.2272727272727273,0.0,0.18181818181818182,0.09090909090909091,0.045454545454545456,1,5,19.0,14,4,0,0,0,5,0,0,4,1.0,4,2,1.0,0.0,0.2857142857142857,0.47368421052631576,0.2857142857142857,0.7593984962406015,0.0,0.2631578947368421,0.21052631578947367,0.05263157894736842,0.0,20260302.0,15.0,2.0,2,6,0,5,25.0,98,5.0,False,False,False,12.0,5.0,5,3,1,4,20.0,4.0,4.0,-4.0,False,False,True,True,False,True,True,False,False,True,True,False,True,True,False,False
20260307,2026-06-07 17:00:00,KT,home,7.0,0.0,1,7.0,6,normal_40_60,mild_20_25,흐림,1,4,12.0,9,2,0,0,1,2,1,0,2,0.0,5,2,2.0,1.0,0.2222222222222222,0.4166666666666667,0.5555555555555556,0.9722222222222223,0.33333333333333337,0.16666666666666666,0.16666666666666666,0.16666666666666666,0.08333333333333333,1,3,8.0,5,1,0,0,1,2,1,0,1,0.0,4,1,2.0,0.0,0.2,0.5,0.8,1.3,0.6000000000000001,0.25,0.125,0.25,0.125,,,,,,,,,,,,,,,,,,,,,,,,,,,1.0,3.0,8.0,5.0,1.0,0.0,0.0,1.0,2.0,1.0,0.0,1.0,0.0,4.0,1.0,2.0,0.0,0.2,0.5,0.8,1.3,0.6000000000000001,0.25,0.125,0.25,0.125,1.0,1.0,4.0,4.0,1.0,0.0,0.0,0.0,0.0,0.0,0.0,1.0,0.0,1.0,1.0,0.0,1.0,0.25,0.25,0.25,0.5,0.0,0.0,0.25,0.0,0.0,1.0,1.0,4.0,4.0,1.0,0.0,0.0,0.0,0.0,0.0,0.0,2.0,0.0,1.0,1.0,1.0,0.0,0.25,0.25,0.25,0.5,0.0,0.0,0.5,0.25,0.0,1,6,21.0,19,6,1,0,0,1,0,0,6,1.0,7,4,3.0,0.0,0.3157894736842105,0.35,0.3684210526315789,0.7184210526315788,0.05263157894736842,0.047619047619047616,0.2857142857142857,0.14285714285714285,0.0,1,5,16.0,13,3,0,0,1,2,1,0,4,0.0,6,3,3.0,1.0,0.23076923076923078,0.375,0.46153846153846156,0.8365384615384616,0.23076923076923078,0.125,0.25,0.1875,0.0625,20260307.0,21.0,0.0,0,2,0,2,25.0,100,7.0,False,True,False,6.0,0.0,0,0,0,2,8.0,2.0,2.0,7.0,False,False,False,False,False,True,False,False,False,True,False,False,False,False,False,False
20260311,2026-06-09 18:30:00,LG,away,2.0,8.0,0,-6.0,6,dry_<=40,warm_25+,맑음,1,3,13.0,11,4,0,0,0,2,0,0,0,0.0,4,2,0.0,0.0,0.36363636363636365,0.46153846153846156,0.36363636363636365,0.8251748251748252,0.0,0.15384615384615385,0.0,0.0,0.0,1,2,9.0,8,1,0,0,0,1,0,0,0,0.0,1,0,0.0,0.0,0.125,0.2222222222222222,0.125,0.3472222222222222,0.0,0.1111111111111111,0.0,0.0,0.0,1.0,1.0,5.0,5.0,1.0,0.0,0.0,0.0,0.0,0.0,0.0,0.0,0.0,1.0,0.0,0.0,0.0,0.2,0.2,0.2,0.4,0.0,0.0,0.0,0.0,0.0,1.0,1.0,4.0,3.0,0.0,0.0,0.0,0.0,1.0,0.0,0.0,0.0,0.0,0.0,0.0,0.0,0.0,0.0,0.25,0.0,0.25,0.0,0.25,0.0,0.0,0.0,1.0,1.0,4.0,3.0,3.0,0.0,0.0,0.0,1.0,0.0,0.0,0.0,0.0,3.0,2.0,0.0,0.0,1.0,1.0,1.0,2.0,0.0,0.25,0.0,0.0,0.0,1.0,1.0,4.0,3.0,0.0,0.0,0.0,0.0,1.0,0.0,0.0,2.0,0.0,0.0,0.0,0.0,0.0,0.0,0.25,0.0,0.25,0.0,0.25,0.5,0.0,0.0,1,7,21.0,19,3,0,0,0,2,0,0,2,1.0,3,0,2.0,0.0,0.15789473684210525,0.23809523809523808,0.15789473684210525,0.39598997493734334,0.0,0.09523809523809523,0.09523809523809523,0.09523809523809523,0.0,1,4,17.0,14,4,0,0,0,3,0,0,2,0.0,4,2,0.0,0.0,0.2857142857142857,0.4117647058823529,0.2857142857142857,0.6974789915966386,0.0,0.17647058823529413,0.11764705882352941,0.0,0.0,20260311.0,11.0,5.0,5,3,0,3,17.0,70,3.6666666666666665,True,False,True,13.0,1.0,3,6,0,3,22.0,4.333333333333333,4.333333333333333,-6.0,True,False,False,False,True,True,True,True,True,True,True,False,True,True,True,False
20260316,2026-06-10 18:30:00,LG,away,6.0,8.0,0,-2.0,6,normal_40_60,mild_20_25,맑음,1,4,14.0,12,5,0,0,1,1,0,1,1,1.0,8,3,3.0,1.0,0.4166666666666667,0.42857142857142855,0.6666666666666666,1.0952380952380951,0.24999999999999994,0.07142857142857142,0.07142857142857142,0.21428571428571427,0.07142857142857142,1,2,10.0,9,5,0,0,1,1,0,0,1,1.0,8,3,2.0,1.0,0.5555555555555556,0.6,0.8888888888888888,1.488888888888889,0.33333333333333326,0.1,0.1,0.2,0.1,,,,,,,,,,,,,,,,,,,,,,,,,,,1.0,2.0,10.0,9.0,5.0,0.0,0.0,1.0,1.0,0.0,0.0,1.0,1.0,8.0,3.0,2.0,1.0,0.5555555555555556,0.6,0.8888888888888888,1.488888888888889,0.33333333333333326,0.1,0.1,0.2,0.1,1.0,2.0,4.0,3.0,0.0,0.0,0.0,0.0,0.0,0.0,1.0,0.0,0.0,0.0,0.0,1.0,0.0,0.0,0.0,0.0,0.0,0.0,0.0,0.0,0.25,0.0,1.0,1.0,5.0,5.0,0.0,0.0,0.0,0.0,0.0,0.0,0.0,2.0,0.0,0.0,0.0,0.0,0.0,0.0,0.0,0.0,0.0,0.0,0.0,0.4,0.0,0.0,1,5,24.0,19,8,2,1,0,5,0,0,3,1.0,12,3,2.0,1.0,0.42105263157894735,0.5416666666666666,0.631578947368421,1.1732456140350878,0.21052631578947367,0.20833333333333334,0.125,0.08333333333333333,0.0,1,5,19.0,17,5,0,0,1,1,0,1,3,1.0,8,3,3.0,1.0,0.29411764705882354,0.3157894736842105,0.47058823529411764,0.7863777089783281,0.1764705882352941,0.05263157894736842,0.15789473684210525,0.15789473684210525,0.05263157894736842,20260316.0,12.0,5.0,5,6,1,2,19.0,74,4.0,True,False,True,12.0,3.0,3,4,1,3,19.0,4.0,4.0,-2.0,True,False,True,False,False,False,False,False,False,True,False,False,False,True,True,False
